Date,Total15,Total20,Total25,pseudoWindSpeedMPH
2009-01-01,49,0,0,15
2009-01-02,56,0,0,15
2009-01-03,0,0,0,0
2009-01-04,49,0,0,15
2009-01-06,0,0,0,0
2009-01-07,0,0,0,0
2009-01-08,53,0,0,15
2009-01-09,62,0,0,15
2009-01-10,44,0,0,15
2009-01-11,0,0,0,0
2009-01-12,37,0,0,15
2009-01-16,132,132,0,20
2009-01-17,107,27,0,20
2009-01-18,0,0,0,0
2009-01-19,46,0,0,15
2009-01-20,73,0,0,15
2009-01-21,0,0,0,0
2009-01-22,25,0,0,15
2009-01-23,83,0,0,15
2009-01-24,28,0,0,15
2009-01-25,45,0,0,15
2009-01-26,70,0,0,15
2009-01-27,0,0,0,0
2009-01-28,0,0,0,0
2009-01-29,0,0,0,0
2009-01-30,47,43,27,25
2009-01-31,134,119,0,20
2009-02-01,62,42,0,20
2009-02-02,0,0,0,0
2009-02-03,125,0,0,15
2009-02-04,95,0,0,15
2009-02-05,135,0,0,15
2009-02-11,34,0,0,15
2009-02-12,42,0,0,15
2009-02-13,28,0,0,15
2009-02-14,48,0,0,15
2009-02-15,50,0,0,15
2009-02-16,64,0,0,15
2009-02-17,104,32,0,20
2009-02-18,0,0,0,0
2009-02-19,67,0,0,15
2009-02-20,139,104,0,20
2009-02-21,85,62,0,20
2009-02-22,67,0,0,15
2009-02-23,87,56,0,20
2009-02-24,76,0,0,15
2009-02-25,90,0,0,15
2009-02-26,87,69,0,20
2009-03-03,39,0,0,15
2009-03-04,94,39,0,20
2009-03-05,95,45,0,20
2009-03-06,95,62,0,20
2009-03-07,81,76,39,25
2009-03-08,81,63,0,20
2009-03-09,80,58,0,20
2009-03-10,78,0,0,15
2009-03-11,87,66,0,20
2009-03-12,69,0,0,15
2009-03-13,66,0,0,15
2009-03-14,33,0,0,15
2009-03-15,57,0,0,15
2009-03-16,71,57,0,20
2009-03-17,77,0,0,15
2009-03-18,61,0,0,15
2009-03-19,53,0,0,15
2009-03-20,77,59,0,20
2009-03-21,119,78,0,20
2009-03-22,146,72,0,20
2009-03-23,96,63,0,20
2009-03-24,86,32,0,20
2009-03-25,37,0,0,15
2009-03-26,64,0,0,15
2009-03-27,78,36,0,20
2009-03-28,39,0,0,15
2009-03-29,110,0,0,15
2009-03-30,79,0,0,15
2009-03-31,74,38,0,20
2009-04-01,34,0,0,15
2009-04-02,95,0,0,15
2009-04-03,85,0,0,15
2009-04-04,25,0,0,15
2009-04-05,61,0,0,15
2009-04-06,93,56,39,25
2009-04-07,149,46,0,20
2009-04-08,72,0,0,15
2009-04-09,59,51,0,20
2009-04-10,29,0,0,15
2009-04-11,46,0,0,15
2009-04-12,130,32,0,20
2009-04-21,0,0,0,0
2009-04-22,81,53,0,20
2009-04-23,95,72,0,20
2009-05-16,97,59,0,20
2009-05-17,99,40,0,20
2009-05-18,74,0,0,15
2009-05-19,99,0,0,15
2009-05-20,0,0,0,0
2009-05-22,24,0,0,15
2009-05-23,65,0,0,15
2009-05-24,70,48,0,20
2009-05-25,36,0,0,15
2009-05-26,68,0,0,15
2009-05-27,101,0,0,15
2009-06-07,74,48,0,20
2009-06-08,75,63,39,25
2009-06-09,103,80,31,25
2009-06-10,97,73,0,20
2009-06-11,101,68,0,20
2009-06-12,90,67,0,20
2009-06-13,85,69,0,20
2009-06-14,85,37,0,20
2009-06-15,110,38,0,20
2009-06-18,92,28,0,20
2009-06-19,91,36,0,20
2009-06-22,41,0,0,15
2009-06-23,69,0,0,15
2009-06-24,56,0,0,15
2009-06-25,50,28,0,20
2009-06-26,62,0,0,15
2009-06-27,109,36,0,20
2009-06-28,0,0,0,0
2009-07-03,69,26,0,20
2009-07-09,0,0,0,0
2009-07-12,55,0,0,15
2009-07-13,35,0,0,15
2009-07-14,67,0,0,15
2009-07-15,32,0,0,15
2009-07-16,72,0,0,15
2009-07-17,72,0,0,15
2009-07-18,39,0,0,15
2009-07-20,28,0,0,15
2009-07-21,0,0,0,0
2009-07-22,67,0,0,15
2009-07-23,0,0,0,0
2009-07-28,30,0,0,15
2009-07-29,47,0,0,15
2009-07-30,0,0,0,0
2009-07-31,104,0,0,15
2009-08-04,56,0,0,15
2009-08-05,36,0,0,15
2009-08-06,0,0,0,0
2009-08-07,0,0,0,0
2009-08-08,0,0,0,0
2009-08-09,76,0,0,15
2009-08-11,0,0,0,0
2009-08-12,0,0,0,0
2009-08-13,0,0,0,0
2009-08-14,0,0,0,0
2009-08-15,0,0,0,0
2009-08-16,0,0,0,0
2009-08-17,45,0,0,15
2009-08-18,73,0,0,15
2009-08-19,0,0,0,0
2009-08-20,63,0,0,15
2009-08-23,0,0,0,0
2009-08-26,0,0,0,0
2009-08-27,0,0,0,0
2009-08-28,0,0,0,0
2009-08-30,0,0,0,0
2009-08-31,39,0,0,15
2009-09-01,0,0,0,0
2009-09-02,0,0,0,0
2009-09-03,0,0,0,0
2009-09-04,37,0,0,15
2009-09-05,0,0,0,0
2009-09-06,0,0,0,0
2009-09-07,50,0,0,15
2009-09-10,0,0,0,0
2009-09-11,0,0,0,0
2009-09-13,0,0,0,0
2009-09-14,0,0,0,0
2009-09-15,0,0,0,0
2009-09-16,0,0,0,0
2009-09-17,0,0,0,0
2009-09-18,39,0,0,15
2009-09-19,0,0,0,0
2009-09-20,0,0,0,0
2009-09-21,0,0,0,0
2009-09-22,0,0,0,0
2009-09-23,0,0,0,0
2009-09-24,0,0,0,0
2009-09-25,31,0,0,15
2009-09-26,29,0,0,15
2009-09-27,0,0,0,0
2009-09-28,0,0,0,0
2009-09-30,34,0,0,15
2009-10-01,52,0,0,15
2009-10-02,25,0,0,15
2009-10-05,0,0,0,0
2009-10-13,47,0,0,15
2009-10-14,78,0,0,15
2009-10-17,55,24,0,20
2009-10-18,140,139,0,20
2009-10-20,0,0,0,0
2009-10-21,75,25,0,20
2009-10-22,0,0,0,0
2009-10-23,50,0,0,15
2009-10-24,80,0,0,15
2009-10-26,53,0,0,15
2009-10-27,0,0,0,0
2009-10-28,0,0,0,0
2009-10-30,0,0,0,0
2009-10-31,0,0,0,0
2009-11-01,29,0,0,15
2009-11-02,60,29,0,20
2009-11-03,28,0,0,15
2009-11-04,84,0,0,15
2009-11-05,93,0,0,15
2009-11-06,38,37,0,20
2009-11-07,0,0,0,0
2009-11-08,0,0,0,0
2009-11-09,0,0,0,0
2009-11-10,0,0,0,0
2009-11-11,134,63,0,20
2009-11-12,60,0,0,15
2009-11-13,0,0,0,0
2009-11-15,0,0,0,0
2009-11-16,0,0,0,0
2009-11-17,0,0,0,0
2009-11-18,0,0,0,0
2009-11-19,35,0,0,15
2009-11-20,28,0,0,15
2009-11-23,0,0,0,0
2009-11-24,0,0,0,0
2009-11-25,0,0,0,0
2009-11-30,0,0,0,0
2009-12-01,35,0,0,15
2009-12-02,38,0,0,15
2009-12-03,131,0,0,15
2009-12-04,0,0,0,0
2009-12-06,0,0,0,0
2009-12-07,0,0,0,0
2009-12-08,0,0,0,0
2009-12-09,0,0,0,0
2009-12-11,0,0,0,0
2009-12-12,0,0,0,0
2009-12-13,0,0,0,0
2009-12-14,34,0,0,15
2009-12-15,0,0,0,0
2009-12-16,78,0,0,15
2009-12-17,0,0,0,0
2009-12-18,130,103,0,20
2009-12-19,34,0,0,15
2009-12-20,107,0,0,15
2009-12-21,0,0,0,0
2009-12-22,0,0,0,0
2009-12-23,0,0,0,0
2009-12-24,37,0,0,15
2009-12-25,111,0,0,15
2009-12-27,0,0,0,0
2009-12-28,130,70,0,20
2009-12-29,130,0,0,15
2009-12-30,0,0,0,0
2009-12-31,0,0,0,0
2010-01-01,45,44,0,20
2010-01-02,130,0,0,15
2010-01-03,0,0,0,0
2010-01-04,0,0,0,0
2010-01-25,46,24,0,20
2010-01-26,0,0,0,0
2010-01-27,0,0,0,0
2010-01-28,0,0,0,0
2010-02-18,0,0,0,0
2010-02-24,77,62,58,25
2010-02-25,28,0,0,15
2010-02-26,70,0,0,15
2010-02-27,124,25,0,20
2010-02-28,0,0,0,0
2010-03-01,38,0,0,15
2010-03-02,115,76,0,20
2010-03-03,0,0,0,0
2010-03-04,0,0,0,0
2010-03-05,64,0,0,15
2010-03-06,102,0,0,15
2010-03-07,106,43,0,20
2010-03-08,56,0,0,15
2010-03-09,65,57,0,20
2010-03-10,70,38,0,20
2010-03-11,28,0,0,15
2010-03-16,90,59,0,20
2010-03-17,101,0,0,15
2010-03-18,67,0,0,15
2010-03-19,66,28,0,20
2010-03-20,0,0,0,0
2010-03-21,145,114,0,20
2010-03-22,58,0,0,15
2010-03-23,84,46,0,20
2010-03-24,36,0,0,15
2010-03-25,49,0,0,15
2010-03-26,36,0,0,15
2010-03-27,0,0,0,0
2010-03-28,40,0,0,15
2010-03-29,142,69,0,20
2010-03-30,41,0,0,15
2010-03-31,94,62,0,20
2010-04-01,105,41,0,20
2010-04-02,58,29,0,20
2010-04-05,85,60,0,20
2010-04-06,72,65,0,20
2010-04-09,37,0,0,15
2010-04-13,0,0,0,0
2010-04-14,74,40,0,20
2010-04-15,93,74,39,25
2010-04-18,0,0,0,0
2010-04-19,58,0,0,15
2010-04-20,83,0,0,15
2010-04-21,79,0,0,15
2010-04-22,53,0,0,15
2010-04-23,110,0,0,15
2010-04-24,78,32,0,20
2010-04-25,0,0,0,0
2010-04-26,26,0,0,15
2010-04-27,70,0,0,15
2010-04-28,99,59,0,20
2010-04-29,0,0,0,0
2010-04-30,113,35,0,20
2010-05-01,134,33,0,20
2010-05-05,38,0,0,15
2010-05-06,56,26,0,20
2010-05-07,69,47,0,20
2010-05-08,96,77,0,20
2010-05-09,145,93,34,25
2010-05-10,92,62,0,20
2010-05-11,92,77,28,25
2010-05-12,43,39,0,20
2010-05-13,43,32,0,20
2010-05-14,78,55,0,20
2010-05-15,87,67,0,20
2010-05-16,62,39,0,20
2010-05-17,65,27,0,20
2010-05-18,46,0,0,15
2010-05-19,84,0,0,15
2010-05-20,76,42,0,20
2010-05-21,123,34,0,20
2010-05-22,55,36,0,20
2010-05-23,93,71,38,25
2010-05-24,122,79,0,20
2010-05-25,102,46,0,20
2010-05-26,96,0,0,15
2010-05-27,31,0,0,15
2010-05-28,0,0,0,0
2010-05-30,32,0,0,15
2010-05-31,85,25,0,20
2010-06-01,90,36,0,20
2010-06-02,77,0,0,15
2010-06-03,87,0,0,15
2010-06-04,69,0,0,15
2010-06-05,0,0,0,0
2010-06-06,66,0,0,15
2010-06-07,61,0,0,15
2010-06-08,82,0,0,15
2010-06-09,87,33,0,20
2010-06-10,85,24,0,20
2010-06-11,36,0,0,15
2010-06-12,28,0,0,15
2010-06-13,49,0,0,15
2010-06-16,25,0,0,15
2010-06-17,88,0,0,15
2010-06-18,78,0,0,15
2010-06-19,85,0,0,15
2010-06-20,45,0,0,15
2010-06-21,42,0,0,15
2010-06-22,33,0,0,15
2010-06-23,0,0,0,0
2010-06-24,0,0,0,0
2010-06-25,52,0,0,15
2010-06-26,161,37,0,20
2010-06-27,30,0,0,15
2010-06-28,0,0,0,0
2010-06-29,0,0,0,0
2010-06-30,0,0,0,0
2010-07-01,0,0,0,0
2010-07-02,0,0,0,0
2010-07-03,0,0,0,0
2010-07-04,0,0,0,0
2010-07-05,0,0,0,0
2010-07-06,0,0,0,0
2010-07-07,0,0,0,0
2010-07-08,0,0,0,0
2010-07-09,0,0,0,0
2010-07-10,0,0,0,0
2010-07-11,0,0,0,0
2010-07-12,0,0,0,0
2010-07-13,24,0,0,15
2010-07-14,29,0,0,15
2010-07-15,0,0,0,0
2010-07-16,0,0,0,0
2010-07-17,0,0,0,0
2010-07-19,0,0,0,0
2010-08-10,0,0,0,0
2010-08-11,0,0,0,0
2010-08-12,0,0,0,0
2010-08-13,0,0,0,0
2010-08-14,0,0,0,0
2010-08-15,0,0,0,0
2010-08-16,0,0,0,0
2010-08-17,0,0,0,0
2010-08-18,0,0,0,0
2010-08-19,0,0,0,0
2010-08-20,0,0,0,0
2010-08-21,81,34,0,20
2010-08-24,0,0,0,0
2010-08-25,0,0,0,0
2010-08-26,0,0,0,0
2010-08-27,0,0,0,0
2010-08-28,0,0,0,0
2010-08-29,0,0,0,0
2010-08-30,0,0,0,0
2010-08-31,0,0,0,0
2010-09-01,0,0,0,0
2010-09-02,0,0,0,0
2010-09-03,0,0,0,0
2010-09-06,0,0,0,0
2010-09-07,42,0,0,15
2010-09-08,29,0,0,15
2010-09-09,0,0,0,0
2010-09-12,0,0,0,0
2010-09-13,0,0,0,0
2010-09-14,0,0,0,0
2010-09-15,91,25,0,20
2010-09-16,0,0,0,0
2010-09-17,0,0,0,0
2010-09-24,64,34,0,20
2010-09-25,97,0,0,15
2010-09-26,0,0,0,0
2010-09-28,0,0,0,0
2010-09-29,35,0,0,15
2010-09-30,0,0,0,0
2010-10-01,0,0,0,0
2010-10-02,0,0,0,0
2010-10-03,0,0,0,0
2010-10-04,0,0,0,0
2010-10-05,137,0,0,15
2010-10-06,50,0,0,15
2010-10-07,109,0,0,15
2010-10-08,0,0,0,0
2010-10-09,0,0,0,0
2010-10-10,0,0,0,0
2010-10-11,0,0,0,0
2010-10-12,0,0,0,0
2010-10-13,107,0,0,15
2010-10-14,88,0,0,15
2010-10-15,24,0,0,15
2010-10-16,0,0,0,0
2010-10-17,0,0,0,0
2010-10-18,0,0,0,0
2010-10-19,0,0,0,0
2010-10-20,0,0,0,0
2010-10-21,27,0,0,15
2010-10-22,46,0,0,15
2010-10-23,26,0,0,15
2010-10-24,67,0,0,15
2010-10-25,0,0,0,0
2010-10-26,0,0,0,0
2010-10-27,0,0,0,0
2010-10-28,52,0,0,15
2010-10-29,65,0,0,15
2010-10-30,28,0,0,15
2010-10-31,43,0,0,15
2010-11-01,58,0,0,15
2010-11-02,0,0,0,0
2010-11-03,40,0,0,15
2010-11-04,135,39,0,20
2010-11-05,135,109,0,20
2010-11-06,128,0,0,15
2010-11-07,25,0,0,15
2010-11-08,0,0,0,0
2010-11-09,0,0,0,0
2010-11-10,0,0,0,0
2010-11-11,69,0,0,15
2010-11-12,64,0,0,15
2010-11-13,0,0,0,0
2010-11-14,0,0,0,0
2010-11-15,0,0,0,0
2010-11-16,0,0,0,0
2010-11-17,0,0,0,0
2010-11-18,57,0,0,15
2010-11-19,132,62,0,20
2010-11-20,66,0,0,15
2010-11-21,64,0,0,15
2010-11-22,52,0,0,15
2010-11-23,69,28,0,20
2010-11-24,74,0,0,15
2010-11-25,0,0,0,0
2010-11-26,0,0,0,0
2010-11-27,0,0,0,0
2010-11-28,0,0,0,0
2010-11-29,0,0,0,0
2010-11-30,0,0,0,0
2010-12-01,131,131,0,20
2010-12-02,131,0,0,15
2010-12-03,56,0,0,15
2010-12-04,0,0,0,0
2010-12-05,0,0,0,0
2010-12-06,60,0,0,15
2010-12-07,0,0,0,0
2010-12-08,0,0,0,0
2010-12-09,105,59,0,20
2010-12-10,0,0,0,0
2010-12-11,0,0,0,0
2010-12-12,0,0,0,0
2010-12-13,130,25,0,20
2010-12-14,0,0,0,0
2010-12-15,44,0,0,15
2010-12-16,0,0,0,0
2010-12-17,0,0,0,0
2010-12-18,0,0,0,0
2010-12-19,0,0,0,0
2010-12-20,0,0,0,0
2010-12-21,0,0,0,0
2010-12-23,0,0,0,0
2010-12-24,25,0,0,15
2010-12-25,0,0,0,0
2010-12-26,130,73,0,20
2010-12-27,0,0,0,0
2011-01-01,0,0,0,0
2011-01-02,0,0,0,0
2011-01-03,45,0,0,15
2011-01-04,33,0,0,15
2011-01-05,0,0,0,0
2011-01-09,24,0,0,15
2011-01-10,0,0,0,0
2011-01-11,54,0,0,15
2011-01-12,131,131,131,25
2011-01-19,0,0,0,0
2011-01-20,0,0,0,0
2011-01-21,0,0,0,0
2011-01-22,133,25,0,20
2011-01-23,75,0,0,15
2011-01-24,103,0,0,15
2011-01-25,0,0,0,0
2011-01-26,107,25,0,20
2011-01-28,41,0,0,15
2011-01-29,27,0,0,15
2011-01-30,0,0,0,0
2011-01-31,29,0,0,15
2011-02-01,95,0,0,15
2011-02-02,0,0,0,0
2011-02-03,0,0,0,0
2011-02-04,0,0,0,0
2011-03-17,0,0,0,0
2011-03-18,87,36,0,20
2011-03-19,93,69,0,20
2011-03-20,100,62,27,25
2011-03-22,72,0,0,15
2011-03-23,0,0,0,0
2011-04-03,80,60,0,20
2011-04-04,44,0,0,15
2011-04-05,74,0,0,15
2011-04-06,72,0,0,15
2011-04-07,68,68,0,20
2011-04-08,72,66,0,20
2011-04-09,72,70,0,20
2011-04-10,62,42,0,20
2011-04-11,48,0,0,15
2011-04-12,71,0,0,15
2011-04-13,77,39,0,20
2011-04-14,65,29,0,20
2011-04-15,51,0,0,15
2011-04-16,74,54,0,20
2011-04-17,107,71,30,25
2011-04-18,69,64,0,20
2011-04-19,35,0,0,15
2011-04-20,49,0,0,15
2011-04-21,94,74,32,25
2011-04-22,104,80,35,25
2011-04-23,63,45,0,20
2011-04-24,76,75,0,20
2011-04-25,71,61,0,20
2011-04-26,80,0,0,15
2011-04-27,53,35,0,20
2011-04-28,28,0,0,15
2011-04-29,72,0,0,15
2011-04-30,66,48,0,20
2011-05-02,80,76,52,25
2011-05-03,115,60,0,20
2011-05-04,66,0,0,15
2011-05-05,82,0,0,15
2011-05-06,82,0,0,15
2011-05-07,76,58,0,20
2011-05-08,90,72,0,20
2011-05-09,95,80,56,25
2011-05-10,91,87,46,25
2011-05-11,84,76,0,20
2011-05-12,85,78,0,20
2011-05-13,73,0,0,15
2011-05-14,60,0,0,15
2011-05-15,56,0,0,15
2011-05-16,34,0,0,15
2011-05-17,61,0,0,15
2011-05-18,105,40,0,20
2011-05-19,47,0,0,15
2011-05-20,32,0,0,15
2011-05-21,79,72,29,25
2011-05-22,95,85,44,25
2011-05-23,94,66,0,20
2011-05-24,82,71,0,20
2011-05-25,81,68,0,20
2011-05-26,90,68,0,20
2011-05-27,106,58,0,20
2011-05-28,88,66,29,25
2011-05-29,98,87,59,25
2011-05-30,108,90,54,25
2011-06-04,87,0,0,15
2011-06-05,77,0,0,15
2011-06-06,54,0,0,15
2011-06-07,86,0,0,15
2011-06-08,77,0,0,15
2011-06-09,71,0,0,15
2011-06-10,84,0,0,15
2011-06-11,88,0,0,15
2011-06-12,40,0,0,15
2011-06-13,25,0,0,15
2011-06-14,24,0,0,15
2011-06-15,58,0,0,15
2011-06-16,62,42,0,20
2011-06-17,71,0,0,15
2011-06-19,0,0,0,0
2011-06-20,0,0,0,0
2011-06-21,0,0,0,0
2011-06-22,0,0,0,0
2011-06-23,52,0,0,15
2011-06-24,75,0,0,15
2011-06-25,104,30,0,20
2011-06-26,0,0,0,0
2011-06-27,29,0,0,15
2011-06-28,0,0,0,0
2011-06-29,0,0,0,0
2011-06-30,0,0,0,0
2011-07-01,0,0,0,0
2011-07-02,92,0,0,15
2011-07-03,31,0,0,15
2011-07-04,48,0,0,15
2011-07-07,0,0,0,0
2011-07-08,0,0,0,0
2011-07-09,0,0,0,0
2011-07-10,0,0,0,0
2011-07-11,0,0,0,0
2011-07-12,30,0,0,15
2011-07-13,57,0,0,15
2011-07-14,48,0,0,15
2011-07-15,24,0,0,15
2011-07-16,46,0,0,15
2011-07-17,0,0,0,0
2011-07-21,0,0,0,0
2011-07-22,37,0,0,15
2011-07-24,0,0,0,0
2011-07-25,0,0,0,0
2011-07-26,0,0,0,0
2011-07-27,0,0,0,0
2011-07-28,0,0,0,0
2011-07-29,58,0,0,15
2011-07-30,0,0,0,0
2011-07-31,49,0,0,15
2011-08-01,30,0,0,15
2011-08-02,0,0,0,0
2011-08-03,0,0,0,0
2011-08-04,0,0,0,0
2011-08-05,0,0,0,0
2011-08-06,0,0,0,0
2011-08-07,0,0,0,0
2011-08-08,0,0,0,0
2011-08-09,0,0,0,0
2011-08-10,0,0,0,0
2011-08-11,29,0,0,15
2011-08-12,0,0,0,0
2011-08-13,0,0,0,0
2011-08-14,0,0,0,0
2011-08-16,0,0,0,0
2011-08-17,0,0,0,0
2011-08-18,0,0,0,0
2011-08-19,0,0,0,0
2011-08-20,0,0,0,0
2011-08-21,0,0,0,0
2011-08-22,0,0,0,0
2011-08-23,0,0,0,0
2011-08-24,0,0,0,0
2011-08-25,0,0,0,0
2011-08-26,0,0,0,0
2011-08-27,0,0,0,0
2011-08-28,0,0,0,0
2011-08-29,0,0,0,0
2011-08-30,0,0,0,0
2011-08-31,0,0,0,0
2011-09-01,0,0,0,0
2011-09-02,0,0,0,0
2011-09-03,0,0,0,0
2011-09-04,0,0,0,0
2011-09-05,0,0,0,0
2011-09-06,0,0,0,0
2011-09-07,0,0,0,0
2011-09-08,0,0,0,0
2011-09-09,0,0,0,0
2011-09-10,0,0,0,0
2011-09-11,31,0,0,15
2011-09-12,64,0,0,15
2011-09-13,60,0,0,15
2011-09-14,32,0,0,15
2011-09-15,60,0,0,15
2011-09-16,61,0,0,15
2011-09-17,37,0,0,15
2011-09-18,55,0,0,15
2011-09-19,0,0,0,0
2011-09-20,0,0,0,0
2011-09-21,0,0,0,0
2011-09-22,0,0,0,0
2011-09-23,0,0,0,0
2011-09-24,0,0,0,0
2011-09-25,0,0,0,0
2011-09-26,0,0,0,0
2011-09-27,0,0,0,0
2011-09-28,26,0,0,15
2011-09-29,0,0,0,0
2011-09-30,0,0,0,0
2011-10-01,0,0,0,0
2011-10-02,131,25,0,20
2011-10-03,143,0,0,15
2011-10-04,140,0,0,15
2011-10-05,0,0,0,0
2011-10-06,0,0,0,0
2011-10-07,126,0,0,15
2011-10-08,63,0,0,15
2011-10-09,0,0,0,0
2011-10-10,0,0,0,0
2011-10-11,0,0,0,0
2011-10-12,0,0,0,0
2011-10-13,0,0,0,0
2011-10-14,83,0,0,15
2011-10-15,120,44,0,20
2011-10-16,140,50,0,20
2011-10-17,45,0,0,15
2011-10-18,0,0,0,0
2011-10-19,140,118,0,20
2011-10-20,37,0,0,15
2011-10-21,0,0,0,0
2011-10-22,0,0,0,0
2011-10-23,0,0,0,0
2011-10-24,32,0,0,15
2011-10-25,106,0,0,15
2011-10-26,108,0,0,15
2011-10-27,0,0,0,0
2011-10-28,0,0,0,0
2011-10-29,121,118,0,20
2011-10-30,0,0,0,0
2011-10-31,0,0,0,0
2011-11-01,135,27,0,20
2011-11-02,44,0,0,15
2011-11-03,32,0,0,15
2011-11-04,0,0,0,0
2011-11-05,0,0,0,0
2011-11-06,0,0,0,0
2011-11-07,60,0,0,15
2011-11-08,0,0,0,0
2011-11-09,0,0,0,0
2011-11-10,0,0,0,0
2011-11-11,126,58,0,20
2011-11-12,46,0,0,15
2011-11-13,0,0,0,0
2011-11-14,33,0,0,15
2011-11-15,0,0,0,0
2011-11-16,0,0,0,0
2011-11-17,0,0,0,0
2011-11-18,133,0,0,15
2011-11-19,66,0,0,15
2011-11-20,88,39,0,20
2011-11-21,56,0,0,15
2011-11-22,0,0,0,0
2011-11-23,0,0,0,0
2011-11-24,0,0,0,0
2011-11-26,50,0,0,15
2011-11-27,0,0,0,0
2011-11-28,131,82,0,20
2011-11-29,0,0,0,0
2011-11-30,0,0,0,0
2011-12-01,0,0,0,0
2011-12-02,0,0,0,0
2011-12-03,96,0,0,15
2011-12-04,0,0,0,0
2011-12-05,0,0,0,0
2011-12-06,0,0,0,0
2011-12-07,68,66,24,25
2011-12-08,78,0,0,15
2011-12-09,0,0,0,0
2011-12-10,85,51,0,20
2011-12-11,118,0,0,15
2011-12-12,0,0,0,0
2011-12-13,34,0,0,15
2011-12-14,35,0,0,15
2011-12-15,39,0,0,15
2011-12-16,54,0,0,15
2011-12-17,52,0,0,15
2011-12-18,85,0,0,15
2011-12-19,42,0,0,15
2011-12-20,0,0,0,0
2011-12-21,0,0,0,0
2011-12-22,0,0,0,0
2011-12-23,0,0,0,0
2011-12-24,0,0,0,0
2011-12-25,0,0,0,0
2011-12-26,0,0,0,0
2011-12-27,43,0,0,15
2011-12-28,0,0,0,0
2011-12-29,0,0,0,0
2011-12-30,48,0,0,15
2011-12-31,68,26,0,20
2012-01-01,75,0,0,15
2012-01-02,96,25,0,20
2012-01-03,130,60,25,25
2012-01-04,0,0,0,0
2012-01-05,0,0,0,0
2012-01-07,0,0,0,0
2012-01-08,46,0,0,15
2012-01-09,0,0,0,0
2012-01-10,0,0,0,0
2012-01-11,0,0,0,0
2012-01-12,0,0,0,0
2012-01-13,58,0,0,15
2012-01-14,131,67,0,20
2012-01-15,132,89,0,20
2012-01-16,92,0,0,15
2012-01-17,61,0,0,15
2012-01-18,0,0,0,0
2012-01-19,32,0,0,15
2012-01-20,33,0,0,15
2012-01-21,0,0,0,0
2012-01-22,31,0,0,15
2012-01-23,29,0,0,15
2012-01-24,54,0,0,15
2012-01-25,0,0,0,0
2012-01-26,0,0,0,0
2012-01-27,39,0,0,15
2012-01-28,30,0,0,15
2012-01-29,125,0,0,15
2012-01-30,134,0,0,15
2012-01-31,66,0,0,15
2012-02-01,24,0,0,15
2012-02-02,54,0,0,15
2012-02-03,0,0,0,0
2012-02-04,41,0,0,15
2012-02-05,0,0,0,0
2012-02-06,0,0,0,0
2012-02-07,0,0,0,0
2012-02-08,0,0,0,0
2012-02-09,87,0,0,15
2012-02-10,0,0,0,0
2012-02-11,120,69,0,20
2012-02-12,136,112,0,20
2012-02-13,58,0,0,15
2012-02-14,42,0,0,15
2012-02-15,0,0,0,0
2012-02-16,0,0,0,0
2012-02-17,0,0,0,0
2012-02-18,0,0,0,0
2012-02-19,77,0,0,15
2012-02-20,69,0,0,15
2012-02-21,28,0,0,15
2012-02-22,0,0,0,0
2012-02-23,91,0,0,15
2012-02-24,45,0,0,15
2012-02-25,44,0,0,15
2012-02-26,27,0,0,15
2012-02-27,69,43,0,20
2012-02-28,106,28,0,20
2012-02-29,50,0,0,15
2012-03-01,31,0,0,15
2012-03-02,37,0,0,15
2012-03-03,75,30,0,20
2012-03-04,141,141,50,25
2012-03-05,142,111,0,20
2012-03-06,142,86,47,25
2012-03-07,82,55,0,20
2012-03-08,81,0,0,15
2012-03-09,77,0,0,15
2012-03-10,79,29,0,20
2012-03-11,69,57,0,20
2012-03-12,83,68,0,20
2012-03-13,81,46,0,20
2012-03-14,82,54,25,25
2012-03-15,107,60,0,20
2012-03-16,79,0,0,15
2012-03-17,81,0,0,15
2012-03-18,80,63,0,20
2012-03-19,61,54,0,20
2012-03-20,0,0,0,0
2012-03-21,0,0,0,0
2012-03-22,48,0,0,15
2012-03-23,69,0,0,15
2012-03-24,34,26,0,20
2012-03-25,66,0,0,15
2012-03-26,77,28,0,20
2012-03-27,91,58,0,20
2012-03-28,74,0,0,15
2012-03-29,71,0,0,15
2012-04-04,62,0,0,15
2012-04-05,31,0,0,15
2012-04-06,57,0,0,15
2012-04-07,91,82,0,20
2012-05-25,109,82,39,25
2012-05-26,105,53,0,20
2012-05-27,44,0,0,15
2012-05-28,73,38,0,20
2012-05-29,92,24,0,20
2012-05-30,0,0,0,0
2012-05-31,0,0,0,0
2012-06-01,0,0,0,0
2012-06-02,68,0,0,15
2012-06-03,0,0,0,0
2012-06-04,0,0,0,0
2012-06-05,0,0,0,0
2012-06-06,0,0,0,0
2012-06-07,26,0,0,15
2012-06-08,0,0,0,0
2012-06-09,35,0,0,15
2012-06-10,0,0,0,0
2012-06-11,59,24,0,20
2012-06-12,110,0,0,15
2012-06-13,101,39,0,20
2012-06-14,69,34,0,20
2012-06-15,0,0,0,0
2012-06-16,85,0,0,15
2012-06-17,70,0,0,15
2012-06-18,70,0,0,15
2012-06-19,56,0,0,15
2012-06-20,0,0,0,0
2012-06-21,0,0,0,0
2012-06-22,0,0,0,0
2012-06-23,0,0,0,0
2012-06-24,0,0,0,0
2012-06-25,0,0,0,0
2012-06-26,0,0,0,0
2012-06-27,0,0,0,0
2012-06-28,66,0,0,15
2012-06-29,25,0,0,15
2012-06-30,0,0,0,0
2012-07-01,70,0,0,15
2012-07-02,101,0,0,15
2012-07-03,84,0,0,15
2012-07-04,25,0,0,15
2012-07-05,58,0,0,15
2012-07-06,27,0,0,15
2012-07-07,40,0,0,15
2012-07-08,0,0,0,0
2012-07-09,71,0,0,15
2012-07-10,73,0,0,15
2012-07-11,35,0,0,15
2012-07-12,0,0,0,0
2012-07-13,42,0,0,15
2012-07-14,0,0,0,0
2012-07-15,0,0,0,0
2012-07-16,47,0,0,15
2012-07-17,33,0,0,15
2012-07-18,0,0,0,0
2012-07-19,105,0,0,15
2012-07-20,83,0,0,15
2012-07-21,0,0,0,0
2012-07-22,35,0,0,15
2012-07-23,0,0,0,0
2012-07-24,0,0,0,0
2012-07-25,42,0,0,15
2012-07-26,28,0,0,15
2012-07-27,24,0,0,15
2012-07-28,0,0,0,0
2012-07-29,0,0,0,0
2012-07-30,29,0,0,15
2012-07-31,0,0,0,0
2012-08-01,0,0,0,0
2012-08-02,0,0,0,0
2012-08-03,0,0,0,0
2012-08-04,28,0,0,15
2012-08-05,26,0,0,15
2012-08-06,0,0,0,0
2012-08-07,79,0,0,15
2012-08-08,63,28,0,20
2012-08-09,69,0,0,15
2012-08-10,46,0,0,15
2012-08-11,79,0,0,15
2012-08-12,52,0,0,15
2012-08-13,54,0,0,15
2012-08-14,0,0,0,0
2012-08-15,0,0,0,0
2012-08-16,33,0,0,15
2012-08-17,50,0,0,15
2012-08-18,0,0,0,0
2012-08-19,0,0,0,0
2012-08-20,26,0,0,15
2012-08-21,0,0,0,0
2012-08-22,0,0,0,0
2012-08-23,0,0,0,0
2012-08-24,33,0,0,15
2012-08-25,0,0,0,0
2012-08-26,0,0,0,0
2012-08-27,0,0,0,0
2012-08-28,0,0,0,0
2012-08-29,0,0,0,0
2012-08-30,0,0,0,0
2012-08-31,52,0,0,15
2012-09-01,87,0,0,15
2012-09-02,75,0,0,15
2012-09-03,52,0,0,15
2012-09-04,0,0,0,0
2012-09-05,0,0,0,0
2012-09-06,35,0,0,15
2012-09-07,56,0,0,15
2012-09-08,58,0,0,15
2012-09-09,68,0,0,15
2012-09-10,65,0,0,15
2012-09-11,82,0,0,15
2012-09-12,88,0,0,15
2012-09-13,37,0,0,15
2012-09-14,0,0,0,0
2012-09-15,0,0,0,0
2012-09-16,0,0,0,0
2012-09-17,0,0,0,0
2012-10-06,0,0,0,0
2012-10-07,0,0,0,0
2012-10-08,0,0,0,0
2012-10-09,35,0,0,15
2012-10-10,0,0,0,0
2012-10-11,73,40,0,20
2012-10-12,108,33,0,20
2012-10-13,78,0,0,15
2012-10-14,0,0,0,0
2012-10-15,0,0,0,0
2012-10-16,0,0,0,0
2012-10-17,0,0,0,0
2012-10-18,0,0,0,0
2012-10-19,0,0,0,0
2012-10-20,41,0,0,15
2012-10-21,95,41,0,20
2012-10-22,69,0,0,15
2012-10-23,70,0,0,15
2012-10-24,37,0,0,15
2012-10-25,0,0,0,0
2012-10-26,0,0,0,0
2012-10-27,0,0,0,0
2012-10-28,66,0,0,15
2012-10-29,62,0,0,15
2012-10-30,0,0,0,0
2012-10-31,0,0,0,0
2012-11-01,33,0,0,15
2012-11-02,0,0,0,0
2012-11-03,0,0,0,0
2012-11-04,0,0,0,0
2012-11-05,0,0,0,0
2012-11-06,0,0,0,0
2012-11-07,50,0,0,15
2012-11-08,0,0,0,0
2012-11-09,63,0,0,15
2012-11-10,85,43,0,20
2012-11-11,59,0,0,15
2012-11-12,0,0,0,0
2012-11-13,0,0,0,0
2012-11-19,0,0,0,0
2012-11-20,31,0,0,15
2012-11-21,0,0,0,0
2012-11-22,37,0,0,15
2012-11-23,0,0,0,0
2012-11-24,0,0,0,0
2012-11-25,0,0,0,0
2012-11-26,0,0,0,0
2012-11-27,0,0,0,0
2012-11-28,0,0,0,0
2012-11-30,0,0,0,0
2012-12-01,0,0,0,0
2012-12-02,58,30,0,20
2012-12-03,62,0,0,15
2012-12-04,55,0,0,15
2012-12-05,0,0,0,0
2012-12-06,0,0,0,0
2012-12-07,0,0,0,0
2012-12-14,0,0,0,0
2012-12-15,0,0,0,0
2012-12-16,0,0,0,0
2012-12-17,42,0,0,15
2012-12-18,0,0,0,0
2012-12-19,0,0,0,0
2012-12-20,0,0,0,0
2012-12-21,130,130,54,25
2012-12-22,130,0,0,15
2012-12-23,41,0,0,15
2012-12-24,31,0,0,15
2012-12-25,0,0,0,0
2012-12-26,44,29,0,20
2012-12-27,0,0,0,0
2012-12-28,0,0,0,0
2012-12-29,45,32,26,25
2012-12-30,131,0,0,15
2012-12-31,80,0,0,15
2013-01-01,0,0,0,0
2013-01-02,0,0,0,0
2013-01-03,0,0,0,0
2013-01-04,43,0,0,15
2013-01-05,37,0,0,15
2013-01-06,0,0,0,0
2013-01-07,31,0,0,15
2013-01-08,50,0,0,15
2013-01-09,0,0,0,0
2013-01-10,0,0,0,0
2013-01-11,55,0,0,15
2013-01-12,0,0,0,0
2013-01-13,0,0,0,0
2013-01-14,36,0,0,15
2013-01-15,29,0,0,15
2013-01-16,0,0,0,0
2013-01-17,132,132,77,25
2013-01-18,49,27,0,20
2013-01-19,0,0,0,0
2013-01-20,0,0,0,0
2013-01-21,0,0,0,0
2013-01-22,0,0,0,0
2013-01-23,25,0,0,15
2013-01-24,96,0,0,15
2013-01-25,0,0,0,0
2013-01-26,54,0,0,15
2013-01-27,95,0,0,15
2013-01-28,0,0,0,0
2013-01-29,0,0,0,0
2013-01-30,0,0,0,0
2013-01-31,135,37,0,20
2013-02-01,135,0,0,15
2013-02-02,26,0,0,15
2013-02-03,80,61,0,20
2013-02-04,37,0,0,15
2013-02-05,32,0,0,15
2013-02-06,0,0,0,0
2013-02-07,42,0,0,15
2013-02-08,0,0,0,0
2013-02-09,0,0,0,0
2013-02-10,29,0,0,15
2013-02-11,0,0,0,0
2013-02-12,38,0,0,15
2013-02-13,51,0,0,15
2013-02-14,0,0,0,0
2013-02-15,76,0,0,15
2013-02-16,138,138,95,25
2013-02-17,0,0,0,0
2013-02-18,24,0,0,15
2013-02-19,45,0,0,15
2013-02-20,60,0,0,15
2013-02-21,0,0,0,0
2013-02-22,59,28,0,20
2013-02-23,0,0,0,0
2013-02-24,32,0,0,15
2013-02-25,61,0,0,15
2013-02-26,91,46,0,20
2013-02-27,55,0,0,15
2013-02-28,141,55,0,20
2013-03-01,141,141,40,25
2013-03-02,128,27,0,20
2013-03-03,86,0,0,15
2013-03-04,0,0,0,0
2013-03-07,71,0,0,15
2013-03-08,86,0,0,15
2013-03-09,68,0,0,15
2013-03-10,0,0,0,0
2013-03-11,0,0,0,0
2013-03-12,90,0,0,15
2013-03-13,144,59,0,20
2013-03-15,112,0,0,15
2013-03-16,79,0,0,15
2013-03-17,0,0,0,0
2013-03-18,26,0,0,15
2013-03-19,0,0,0,0
2013-03-20,29,26,0,20
2013-03-21,55,0,0,15
2013-03-22,0,0,0,0
2013-03-23,50,0,0,15
2013-03-24,0,0,0,0
2013-03-25,146,122,0,20
2013-03-26,146,136,0,20
2013-03-27,147,0,0,15
2013-03-28,85,0,0,15
2013-03-29,92,0,0,15
2013-03-30,91,0,0,15
2013-03-31,64,0,0,15
2013-04-01,35,0,0,15
2013-04-02,42,0,0,15
2013-04-03,66,0,0,15
2013-04-04,32,0,0,15
2013-04-05,144,47,0,20
2013-04-06,55,0,0,15
2013-04-07,94,54,0,20
2013-04-08,48,0,0,15
2013-04-09,104,0,0,15
2013-04-10,50,0,0,15
2013-04-11,30,0,0,15
2013-04-12,0,0,0,0
2013-04-13,0,0,0,0
2013-04-14,28,0,0,15
2013-04-15,0,0,0,0
2013-04-16,34,0,0,15
2013-04-17,57,0,0,15
2013-04-18,30,0,0,15
2013-04-19,62,0,0,15
2013-04-20,82,0,0,15
2013-04-22,52,0,0,15
2013-04-23,87,32,0,20
2013-04-24,76,56,0,20
2013-04-25,95,89,26,25
2013-04-26,101,79,0,20
2013-04-27,96,64,0,20
2013-04-28,88,47,0,20
2013-05-01,67,0,0,15
2013-05-02,90,0,0,15
2013-05-03,107,74,0,20
2013-05-04,40,0,0,15
2013-05-05,65,0,0,15
2013-05-06,41,0,0,15
2013-05-07,79,0,0,15
2013-05-08,79,0,0,15
2013-05-09,82,33,0,20
2013-05-10,0,0,0,0
2013-05-11,60,0,0,15
2013-05-12,58,0,0,15
2013-05-13,99,70,0,20
2013-05-14,158,80,0,20
2013-05-15,96,57,0,20
2013-05-16,90,0,0,15
2013-05-17,83,50,0,20
2013-05-18,100,67,0,20
2013-05-19,74,48,0,20
2013-05-20,69,55,0,20
2013-05-21,72,26,0,20
2013-05-22,84,51,0,20
2013-05-23,87,53,0,20
2013-05-24,68,53,0,20
2013-05-25,116,87,34,25
2013-05-26,100,86,0,20
2013-05-27,90,40,0,20
2013-05-28,0,0,0,0
2013-05-29,0,0,0,0
2013-05-30,32,0,0,15
2013-06-01,49,0,0,15
2013-06-02,0,0,0,0
2013-06-03,0,0,0,0
2013-06-04,0,0,0,0
2013-06-05,0,0,0,0
2013-06-06,0,0,0,0
2013-06-07,0,0,0,0
2013-06-08,0,0,0,0
2013-06-09,47,0,0,15
2013-06-10,71,0,0,15
2013-06-11,70,0,0,15
2013-06-12,54,0,0,15
2013-06-13,91,0,0,15
2013-06-14,54,0,0,15
2013-06-15,74,0,0,15
2013-06-16,66,0,0,15
2013-06-17,54,0,0,15
2013-06-18,0,0,0,0
2013-06-19,53,0,0,15
2013-06-20,90,0,0,15
2013-06-21,94,0,0,15
2013-06-22,24,0,0,15
2013-06-23,0,0,0,0
2013-06-24,88,0,0,15
2013-06-25,66,0,0,15
2013-06-26,57,0,0,15
2013-06-27,0,0,0,0
2013-06-28,0,0,0,0
2013-06-29,0,0,0,0
2013-06-30,0,0,0,0
2013-07-01,0,0,0,0
2013-07-02,0,0,0,0
2013-07-03,0,0,0,0
2013-07-04,0,0,0,0
2013-07-05,0,0,0,0
2013-07-06,0,0,0,0
2013-07-07,0,0,0,0
2013-07-08,76,0,0,15
2013-07-09,78,0,0,15
2013-07-10,42,0,0,15
2013-07-11,0,0,0,0
2013-07-12,0,0,0,0
2013-07-13,0,0,0,0
2013-07-14,0,0,0,0
2013-07-15,0,0,0,0
2013-07-16,82,0,0,15
2013-07-17,0,0,0,0
2013-07-18,0,0,0,0
2013-07-19,0,0,0,0
2013-07-20,34,0,0,15
2013-07-21,0,0,0,0
2013-07-22,72,0,0,15
2013-07-23,82,0,0,15
2013-07-24,52,0,0,15
2013-07-25,54,0,0,15
2013-07-26,59,0,0,15
2013-07-27,0,0,0,0
2013-07-28,81,0,0,15
2013-07-29,69,0,0,15
2013-07-30,78,0,0,15
2013-08-05,80,0,0,15
2013-08-06,42,0,0,15
2013-08-07,0,0,0,0
2013-08-08,0,0,0,0
2013-08-09,0,0,0,0
2013-08-10,0,0,0,0
2013-08-11,35,0,0,15
2013-08-12,80,0,0,15
2013-08-13,0,0,0,0
2013-08-14,47,0,0,15
2013-08-15,80,0,0,15
2013-08-16,0,0,0,0
2013-08-17,0,0,0,0
2013-08-18,27,0,0,15
2013-08-19,0,0,0,0
2013-08-20,0,0,0,0
2013-08-21,0,0,0,0
2013-08-22,34,0,0,15
2013-08-23,0,0,0,0
2013-08-24,0,0,0,0
2013-08-26,64,0,0,15
2013-08-27,43,0,0,15
2013-08-28,47,0,0,15
2013-08-29,37,0,0,15
2013-08-30,45,0,0,15
2013-08-31,34,0,0,15
2013-09-01,35,0,0,15
2013-09-02,30,0,0,15
2013-09-05,33,0,0,15
2013-09-06,0,0,0,0
2013-09-07,0,0,0,0
2013-09-08,28,0,0,15
2013-09-09,30,0,0,15
2013-09-10,0,0,0,0
2013-09-11,0,0,0,0
2013-09-12,0,0,0,0
2013-09-13,0,0,0,0
2013-09-14,0,0,0,0
2013-09-15,0,0,0,0
2013-09-16,0,0,0,0
2013-09-17,94,0,0,15
2013-09-18,0,0,0,0
2013-09-19,0,0,0,0
2013-09-20,0,0,0,0
2013-09-21,0,0,0,0
2013-09-22,0,0,0,0
2013-09-23,0,0,0,0
2013-09-24,0,0,0,0
2013-09-25,0,0,0,0
2013-09-26,0,0,0,0
2013-09-27,0,0,0,0
2013-09-28,0,0,0,0
2013-09-29,29,0,0,15
2013-09-30,0,0,0,0
2013-10-01,45,0,0,15
2013-10-02,0,0,0,0
2013-10-03,0,0,0,0
2013-10-04,0,0,0,0
2013-10-05,0,0,0,0
2013-10-06,0,0,0,0
2013-10-07,0,0,0,0
2013-10-08,31,0,0,15
2013-10-09,44,0,0,15
2013-10-10,27,0,0,15
2013-10-11,46,0,0,15
2013-10-12,50,0,0,15
2013-10-13,51,0,0,15
2013-10-14,0,0,0,0
2013-10-15,0,0,0,0
2013-10-16,0,0,0,0
2013-10-17,0,0,0,0
2013-10-18,0,0,0,0
2013-10-19,0,0,0,0
2013-10-20,0,0,0,0
2013-10-21,0,0,0,0
2013-10-22,0,0,0,0
2013-10-23,0,0,0,0
2013-10-24,100,0,0,15
2013-10-25,76,0,0,15
2013-10-26,97,0,0,15
2013-10-27,34,0,0,15
2013-10-28,40,0,0,15
2013-10-29,35,0,0,15
2013-10-30,56,0,0,15
2013-10-31,0,0,0,0
2013-11-01,0,0,0,0
2013-11-02,45,44,0,20
2013-11-03,136,0,0,15
2013-11-04,61,0,0,15
2013-11-05,0,0,0,0
2013-11-06,0,0,0,0
2013-11-07,24,0,0,15
2013-11-08,135,0,0,15
2013-11-09,44,0,0,15
2013-11-10,40,0,0,15
2013-11-11,0,0,0,0
2013-11-12,0,0,0,0
2013-11-13,134,134,96,25
2013-11-14,0,0,0,0
2013-11-15,0,0,0,0
2013-11-16,0,0,0,0
2013-11-17,0,0,0,0
2013-11-18,0,0,0,0
2013-11-19,0,0,0,0
2013-11-20,0,0,0,0
2013-11-21,40,0,0,15
2013-11-22,50,0,0,15
2013-11-23,0,0,0,0
2013-11-24,0,0,0,0
2013-11-25,0,0,0,0
2013-11-26,37,0,0,15
2013-11-27,128,66,24,25
2013-11-28,33,0,0,15
2013-11-29,131,0,0,15
2013-11-30,58,0,0,15
2013-12-01,0,0,0,0
2013-12-02,0,0,0,0
2013-12-03,0,0,0,0
2013-12-04,0,0,0,0
2013-12-05,0,0,0,0
2013-12-06,0,0,0,0
2013-12-07,0,0,0,0
2013-12-08,0,0,0,0
2013-12-09,0,0,0,0
2013-12-10,0,0,0,0
2013-12-11,117,0,0,15
2013-12-12,130,130,0,20
2013-12-13,40,0,0,15
2013-12-14,0,0,0,0
2013-12-15,45,41,0,20
2013-12-16,130,0,0,15
2013-12-17,130,0,0,15
2013-12-18,55,0,0,15
2013-12-19,0,0,0,0
2013-12-20,0,0,0,0
2013-12-21,62,0,0,15
2013-12-22,36,0,0,15
2013-12-23,0,0,0,0
2013-12-24,130,130,0,20
2013-12-25,31,0,0,15
2013-12-26,96,0,0,15
2013-12-27,0,0,0,0
2013-12-28,0,0,0,0
2013-12-29,0,0,0,0
2013-12-30,0,0,0,0
2013-12-31,51,0,0,15
2014-01-01,0,0,0,0
2014-01-02,0,0,0,0
2014-01-03,130,130,24,25
2014-01-04,0,0,0,0
2014-01-05,0,0,0,0
2014-01-06,118,65,54,25
2014-01-07,131,129,0,20
2014-01-08,131,0,0,15
2014-01-09,0,0,0,0
2014-01-10,0,0,0,0
2014-01-11,0,0,0,0
2014-01-12,0,0,0,0
2014-01-13,0,0,0,0
2014-01-16,0,0,0,0
2014-01-17,0,0,0,0
2014-01-18,0,0,0,0
2014-01-19,0,0,0,0
2014-01-20,0,0,0,0
2014-01-21,0,0,0,0
2014-01-22,72,0,0,15
2014-01-23,28,0,0,15
2014-01-24,59,0,0,15
2014-01-25,0,0,0,0
2014-01-26,0,0,0,0
2014-01-27,0,0,0,0
2014-01-28,0,0,0,0
2014-01-29,0,0,0,0
2014-01-30,56,29,0,20
2014-01-31,0,0,0,0
2014-02-01,0,0,0,0
2014-02-02,24,0,0,15
2014-02-03,0,0,0,0
2014-02-04,0,0,0,0
2014-02-05,0,0,0,0
2014-02-06,0,0,0,0
2014-02-07,0,0,0,0
2014-02-08,0,0,0,0
2014-02-09,0,0,0,0
2014-02-10,32,0,0,15
2014-02-11,25,0,0,15
2014-02-12,0,0,0,0
2014-02-13,60,0,0,15
2014-02-14,0,0,0,0
2014-02-15,0,0,0,0
2014-02-16,0,0,0,0
2014-02-17,57,0,0,15
2014-02-18,50,0,0,15
2014-02-19,39,0,0,15
2014-02-20,29,0,0,15
2014-02-21,32,0,0,15
2014-02-22,0,0,0,0
2014-02-23,0,0,0,0
2014-02-24,36,0,0,15
2014-02-25,42,0,0,15
2014-02-26,24,0,0,15
2014-02-27,0,0,0,0
2014-02-28,34,0,0,15
2014-03-01,76,0,0,15
2014-03-02,61,0,0,15
2014-03-03,71,0,0,15
2014-03-04,47,0,0,15
2014-03-05,0,0,0,0
2014-03-06,69,33,0,20
2014-03-07,0,0,0,0
2014-03-08,63,0,0,15
2014-03-09,59,0,0,15
2014-03-10,0,0,0,0
2014-03-11,0,0,0,0
2014-03-12,46,0,0,15
2014-03-13,127,0,0,15
2014-03-14,86,29,0,20
2014-03-15,57,0,0,15
2014-03-16,41,0,0,15
2014-03-17,109,108,49,25
2014-03-18,0,0,0,0
2014-03-19,80,0,0,15
2014-03-20,0,0,0,0
2014-03-21,67,0,0,15
2014-03-22,39,0,0,15
2014-03-23,24,0,0,15
2014-03-24,0,0,0,0
2014-03-25,52,37,0,20
2014-03-26,119,88,0,20
2014-03-27,25,0,0,15
2014-03-28,0,0,0,0
2014-03-29,0,0,0,0
2014-03-30,146,78,0,20
2014-03-31,90,0,0,15
2014-04-01,76,0,0,15
2014-04-02,71,36,0,20
2014-04-03,31,0,0,15
2014-04-04,53,0,0,15
2014-04-05,53,0,0,15
2014-04-06,60,0,0,15
2014-04-07,34,0,0,15
2014-04-08,144,112,39,25
2014-04-09,38,0,0,15
2014-04-10,67,0,0,15
2014-04-11,90,0,0,15
2014-04-12,91,50,0,20
2014-04-13,81,0,0,15
2014-04-14,26,0,0,15
2014-04-15,27,0,0,15
2014-04-16,128,0,0,15
2014-04-17,48,0,0,15
2014-04-18,61,41,0,20
2014-04-19,59,0,0,15
2014-04-20,96,31,0,20
2014-04-21,93,0,0,15
2014-04-22,48,0,0,15
2014-04-23,87,0,0,15
2014-04-24,75,0,0,15
2014-04-25,72,32,0,20
2014-04-26,68,0,0,15
2014-04-27,0,0,0,0
2014-04-28,0,0,0,0
2014-04-29,0,0,0,0
2014-04-30,26,0,0,15
2014-05-01,0,0,0,0
2014-05-02,0,0,0,0
2014-05-03,155,49,0,20
2014-05-04,156,0,0,15
2014-05-05,89,0,0,15
2014-05-06,78,0,0,15
2014-05-07,65,0,0,15
2014-05-08,55,0,0,15
2014-05-09,46,0,0,15
2014-05-10,41,0,0,15
2014-05-11,31,0,0,15
2014-05-12,66,0,0,15
2014-05-13,90,32,0,20
2014-05-14,65,0,0,15
2014-05-15,115,109,25,25
2014-05-16,158,0,0,15
2014-05-17,158,61,0,20
2014-05-18,153,0,0,15
2014-05-21,105,85,0,20
2014-05-22,111,59,0,20
2014-05-23,97,40,0,20
2014-05-24,91,46,0,20
2014-05-25,56,0,0,15
2014-05-26,36,0,0,15
2014-05-27,57,0,0,15
2014-05-28,24,0,0,15
2014-05-29,0,0,0,0
2014-05-30,0,0,0,0
2014-05-31,0,0,0,0
2014-06-01,0,0,0,0
2014-06-02,0,0,0,0
2014-06-03,0,0,0,0
2014-06-04,0,0,0,0
2014-06-05,0,0,0,0
2014-06-06,0,0,0,0
2014-06-07,0,0,0,0
2014-06-08,0,0,0,0
2014-06-09,0,0,0,0
2014-06-10,0,0,0,0
2014-06-11,0,0,0,0
2014-06-12,0,0,0,0
2014-06-13,0,0,0,0
2014-06-14,0,0,0,0
2014-06-15,74,0,0,15
2014-06-16,81,0,0,15
2014-06-17,94,0,0,15
2014-06-18,58,0,0,15
2014-06-19,39,0,0,15
2014-06-20,77,0,0,15
2014-06-21,92,0,0,15
2014-06-22,64,0,0,15
2014-06-23,33,0,0,15
2014-06-24,56,0,0,15
2014-06-25,68,0,0,15
2014-06-26,24,0,0,15
2014-06-27,0,0,0,0
2014-06-28,24,0,0,15
2014-06-29,86,0,0,15
2014-06-30,31,0,0,15
2014-07-01,63,0,0,15
2014-07-02,59,0,0,15
2014-07-03,0,0,0,0
2014-07-04,0,0,0,0
2014-07-05,0,0,0,0
2014-07-06,0,0,0,0
2014-07-07,0,0,0,0
2014-07-08,0,0,0,0
2014-07-09,0,0,0,0
2014-07-10,63,0,0,15
2014-07-11,0,0,0,0
2014-07-12,0,0,0,0
2014-07-13,0,0,0,0
2014-07-14,43,0,0,15
2014-07-15,0,0,0,0
2014-07-16,0,0,0,0
2014-07-17,44,0,0,15
2014-07-18,0,0,0,0
2014-07-19,30,0,0,15
2014-07-20,95,0,0,15
2014-07-21,83,0,0,15
2014-07-22,60,0,0,15
2014-07-23,37,0,0,15
2014-07-24,78,0,0,15
2014-07-25,56,0,0,15
2014-07-26,46,0,0,15
2014-07-27,30,0,0,15
2014-07-28,32,0,0,15
2014-07-29,41,0,0,15
2014-07-30,0,0,0,0
2014-07-31,36,0,0,15
2014-08-01,0,0,0,0
2014-08-02,0,0,0,0
2014-08-03,0,0,0,0
2014-08-04,0,0,0,0
2014-08-05,40,0,0,15
2014-08-06,57,0,0,15
2014-08-07,39,0,0,15
2014-08-08,85,0,0,15
2014-08-09,27,0,0,15
2014-08-10,70,0,0,15
2014-08-11,0,0,0,0
2014-08-12,0,0,0,0
2014-08-13,0,0,0,0
2014-08-14,0,0,0,0
2014-08-15,0,0,0,0
2014-08-16,35,0,0,15
2014-08-17,0,0,0,0
2014-08-18,0,0,0,0
2014-08-19,0,0,0,0
2014-08-20,31,0,0,15
2014-08-21,57,0,0,15
2014-08-22,46,0,0,15
2014-08-23,0,0,0,0
2014-08-24,0,0,0,0
2014-08-25,0,0,0,0
2014-08-26,0,0,0,0
2014-08-27,0,0,0,0
2014-08-28,0,0,0,0
2014-08-30,46,0,0,15
2014-08-31,0,0,0,0
2014-09-01,0,0,0,0
2014-09-02,25,0,0,15
2014-09-03,54,0,0,15
2014-09-04,0,0,0,0
2014-09-05,67,0,0,15
2014-09-06,32,0,0,15
2014-09-07,0,0,0,0
2014-09-08,0,0,0,0
2014-09-09,0,0,0,0
2014-09-10,34,0,0,15
2014-09-11,0,0,0,0
2014-09-12,0,0,0,0
2014-09-13,31,0,0,15
2014-09-14,0,0,0,0
2014-09-15,0,0,0,0
2014-09-16,0,0,0,0
2014-09-17,0,0,0,0
2014-09-18,0,0,0,0
2014-09-19,0,0,0,0
2014-09-20,0,0,0,0
2014-09-21,0,0,0,0
2014-09-22,0,0,0,0
2014-09-23,0,0,0,0
2014-09-24,0,0,0,0
2014-09-25,0,0,0,0
2014-09-26,0,0,0,0
2014-09-27,0,0,0,0
2014-09-28,0,0,0,0
2014-09-29,0,0,0,0
2014-09-30,0,0,0,0
2014-10-01,0,0,0,0
2014-10-02,0,0,0,0
2014-10-03,0,0,0,0
2014-10-04,0,0,0,0
2014-10-05,0,0,0,0
2014-10-06,0,0,0,0
2014-10-07,0,0,0,0
2014-10-08,29,0,0,15
2014-10-09,39,0,0,15
2014-10-10,57,0,0,15
2014-10-11,0,0,0,0
2014-10-12,0,0,0,0
2014-10-13,0,0,0,0
2014-10-14,0,0,0,0
2014-10-15,53,0,0,15
2014-10-16,0,0,0,0
2014-10-17,0,0,0,0
2014-10-18,49,0,0,15
2014-10-19,48,0,0,15
2014-10-20,0,0,0,0
2014-10-21,0,0,0,0
2014-10-22,0,0,0,0
2014-10-23,0,0,0,0
2014-10-25,0,0,0,0
2014-10-26,0,0,0,0
2014-10-27,0,0,0,0
2014-10-28,0,0,0,0
2014-10-29,53,0,0,15
2014-10-30,0,0,0,0
2014-10-31,0,0,0,0
2014-11-01,89,0,0,15
2014-11-02,62,0,0,15
2014-11-03,70,0,0,15
2014-11-04,67,0,0,15
2014-11-05,0,0,0,0
2014-11-06,0,0,0,0
2014-11-07,0,0,0,0
2014-11-08,0,0,0,0
2014-11-09,116,28,0,20
2014-11-10,0,0,0,0
2014-11-11,0,0,0,0
2014-11-12,0,0,0,0
2014-11-13,0,0,0,0
2014-11-14,0,0,0,0
2014-11-15,29,0,0,15
2014-11-16,0,0,0,0
2014-11-17,0,0,0,0
2014-11-18,133,133,86,25
2014-11-19,131,63,0,20
2014-11-20,85,0,0,15
2014-11-21,0,0,0,0
2014-11-22,0,0,0,0
2014-11-23,0,0,0,0
2014-11-24,0,0,0,0
2014-11-25,0,0,0,0
2014-11-26,132,83,0,20
2014-11-27,131,83,0,20
2014-11-28,111,0,0,15
2014-11-29,70,0,0,15
2014-11-30,56,0,0,15
2014-12-01,0,0,0,0
2014-12-02,0,0,0,0
2014-12-03,0,0,0,0
2014-12-04,0,0,0,0
2014-12-05,26,0,0,15
2014-12-06,0,0,0,0
2014-12-07,0,0,0,0
2014-12-08,50,0,0,15
2014-12-09,124,0,0,15
2014-12-10,0,0,0,0
2014-12-11,0,0,0,0
2014-12-12,0,0,0,0
2014-12-13,0,0,0,0
2014-12-14,0,0,0,0
2014-12-15,37,0,0,15
2014-12-16,0,0,0,0
2014-12-17,0,0,0,0
2014-12-18,48,0,0,15
2014-12-19,0,0,0,0
2014-12-20,0,0,0,0
2014-12-21,0,0,0,0
2014-12-22,0,0,0,0
2014-12-23,0,0,0,0
2014-12-24,76,62,60,25
2014-12-25,41,0,0,15
2014-12-26,0,0,0,0
2014-12-27,0,0,0,0
2014-12-28,0,0,0,0
2014-12-29,0,0,0,0
2014-12-30,0,0,0,0
2014-12-31,0,0,0,0
2015-01-01,0,0,0,0
2015-01-02,0,0,0,0
2015-01-03,0,0,0,0
2015-01-04,0,0,0,0
2015-01-05,78,0,0,15
2015-01-06,96,0,0,15
2015-01-07,70,0,0,15
2015-01-08,131,58,0,20
2015-01-09,58,0,0,15
2015-01-10,123,36,0,20
2015-01-11,0,0,0,0
2015-01-12,38,0,0,15
2015-01-13,0,0,0,0
2015-01-14,0,0,0,0
2015-01-15,0,0,0,0
2015-01-16,73,0,0,15
2015-01-17,0,0,0,0
2015-01-18,0,0,0,0
2015-01-19,0,0,0,0
2015-01-20,0,0,0,0
2015-01-21,54,0,0,15
2015-01-22,0,0,0,0
2015-01-23,25,0,0,15
2015-01-24,95,34,0,20
2015-01-25,0,0,0,0
2015-01-26,94,0,0,15
2015-01-27,0,0,0,0
2015-01-28,0,0,0,0
2015-01-29,61,0,0,15
2015-01-30,0,0,0,0
2015-01-31,0,0,0,0
2015-02-01,0,0,0,0
2015-02-02,0,0,0,0
2015-02-03,54,0,0,15
2015-02-04,0,0,0,0
2015-02-05,33,0,0,15
2015-02-06,95,25,0,20
2015-02-07,0,0,0,0
2015-02-08,0,0,0,0
2015-02-09,31,0,0,15
2015-02-10,0,0,0,0
2015-02-11,27,0,0,15
2015-02-12,37,0,0,15
2015-02-13,43,0,0,15
2015-02-14,0,0,0,0
2015-02-15,62,0,0,15
2015-02-16,0,0,0,0
2015-02-17,0,0,0,0
2015-02-18,138,121,0,20
2015-02-19,138,0,0,15
2015-02-20,100,57,0,20
2015-02-21,0,0,0,0
2015-02-22,0,0,0,0
2015-02-23,0,0,0,0
2015-02-24,0,0,0,0
2015-02-25,0,0,0,0
2015-02-26,26,0,0,15
2015-02-27,115,30,0,20
2015-02-28,35,0,0,15
2015-03-01,64,0,0,15
2015-03-02,75,0,0,15
2015-03-03,34,0,0,15
2015-03-04,0,0,0,0
2015-03-05,50,0,0,15
2015-03-06,86,50,0,20
2015-03-07,124,60,0,20
2015-03-08,90,38,0,20
2015-03-09,0,0,0,0
2015-03-10,29,0,0,15
2015-03-11,29,0,0,15
2015-03-12,27,0,0,15
2015-03-13,27,0,0,15
2015-03-14,81,35,0,20
2015-03-15,85,0,0,15
2015-03-16,83,29,0,20
2015-03-17,74,0,0,15
2015-03-18,68,24,0,20
2015-03-19,62,0,0,15
2015-03-20,83,0,0,15
2015-03-21,71,0,0,15
2015-03-22,0,0,0,0
2015-03-23,0,0,0,0
2015-03-24,79,0,0,15
2015-03-25,0,0,0,0
2015-03-26,0,0,0,0
2015-03-27,63,60,0,20
2015-03-28,132,0,0,15
2015-03-29,102,83,0,20
2015-03-30,96,55,0,20
2015-03-31,93,25,0,20
2015-04-01,75,41,0,20
2015-04-02,51,0,0,15
2015-04-04,101,28,0,20
2015-04-05,111,52,0,20
2015-04-06,89,75,0,20
2015-04-07,98,60,0,20
2015-04-08,99,25,0,20
2015-04-09,84,0,0,15
2015-04-10,87,26,0,20
2015-04-11,88,0,0,15
2015-04-12,71,0,0,15
2015-04-13,41,0,0,15
2015-04-14,70,0,0,15
2015-04-15,73,0,0,15
2015-04-16,80,0,0,15
2015-04-17,67,0,0,15
2015-04-18,48,0,0,15
2015-04-19,25,0,0,15
2015-04-20,0,0,0,0
2015-04-21,38,0,0,15
2015-04-22,47,0,0,15
2015-04-23,0,0,0,0
2015-04-24,63,0,0,15
2015-04-25,0,0,0,0
2015-04-26,34,0,0,15
2015-04-27,28,0,0,15
2015-04-28,0,0,0,0
2015-04-29,111,59,0,20
2015-04-30,0,0,0,0
2015-05-01,38,0,0,15
2015-05-02,80,0,0,15
2015-05-03,95,25,0,20
2015-05-04,98,66,0,20
2015-05-05,93,0,0,15
2015-05-06,82,0,0,15
2015-05-07,91,42,0,20
2015-05-08,88,67,0,20
2015-05-09,91,66,0,20
2015-05-10,35,24,0,20
2015-05-11,73,57,0,20
2015-05-12,97,68,0,20
2015-05-13,101,81,0,20
2015-05-14,88,49,0,20
2015-05-15,84,45,0,20
2015-05-16,82,47,0,20
2015-05-17,71,64,0,20
2015-05-18,99,88,0,20
2015-05-19,109,78,0,20
2015-05-20,89,72,0,20
2015-05-21,98,52,0,20
2015-05-22,93,71,0,20
2015-05-25,80,0,0,15
2015-05-26,73,62,0,20
2015-05-27,101,50,0,20
2015-05-28,112,58,0,20
2015-05-29,101,60,0,20
2015-05-30,99,39,0,20
2015-05-31,88,65,0,20
2015-06-01,0,0,0,0
2015-06-02,0,0,0,0
2015-06-03,0,0,0,0
2015-06-04,50,0,0,15
2015-06-05,0,0,0,0
2015-06-06,0,0,0,0
2015-06-07,86,0,0,15
2015-06-08,98,0,0,15
2015-06-09,67,0,0,15
2015-06-10,84,0,0,15
2015-06-11,0,0,0,0
2015-06-12,94,0,0,15
2015-06-13,24,0,0,15
2015-06-14,0,0,0,0
2015-06-15,0,0,0,0
2015-06-16,44,0,0,15
2015-06-17,78,0,0,15
2015-06-18,0,0,0,0
2015-06-19,0,0,0,0
2015-06-20,56,0,0,15
2015-06-21,87,0,0,15
2015-06-22,83,0,0,15
2015-06-23,31,0,0,15
2015-06-24,53,0,0,15
2015-06-25,0,0,0,0
2015-06-26,0,0,0,0
2015-06-30,40,0,0,15
2015-07-01,72,0,0,15
2015-07-02,75,0,0,15
2015-07-03,32,0,0,15
2015-07-04,73,0,0,15
2015-07-05,69,0,0,15
2015-07-06,64,0,0,15
2015-07-07,75,0,0,15
2015-07-08,90,0,0,15
2015-07-09,80,0,0,15
2015-07-10,72,0,0,15
2015-07-11,71,0,0,15
2015-07-12,0,0,0,0
2015-07-13,0,0,0,0
2015-07-14,0,0,0,0
2015-07-15,0,0,0,0
2015-07-16,33,0,0,15
2015-07-17,0,0,0,0
2015-07-18,0,0,0,0
2015-07-19,0,0,0,0
2015-07-20,0,0,0,0
2015-07-21,0,0,0,0
2015-07-22,0,0,0,0
2015-07-23,0,0,0,0
2015-07-24,0,0,0,0
2015-07-25,0,0,0,0
2015-07-26,0,0,0,0
2015-07-27,0,0,0,0
2015-07-28,0,0,0,0
2015-07-29,0,0,0,0
2015-07-30,0,0,0,0
2015-07-31,0,0,0,0
2015-08-01,0,0,0,0
2015-08-02,60,0,0,15
2015-08-03,36,0,0,15
2015-08-04,70,0,0,15
2015-08-05,47,0,0,15
2015-08-06,0,0,0,0
2015-08-07,0,0,0,0
2015-08-08,0,0,0,0
2015-08-09,0,0,0,0
2015-08-10,0,0,0,0
2015-08-11,0,0,0,0
2015-08-12,0,0,0,0
2015-08-13,0,0,0,0
2015-08-14,0,0,0,0
2015-08-15,0,0,0,0
2015-08-16,0,0,0,0
2015-08-17,0,0,0,0
2015-08-18,0,0,0,0
2015-08-19,43,0,0,15
2015-08-20,82,0,0,15
2015-08-21,0,0,0,0
2015-08-22,0,0,0,0
2015-08-23,0,0,0,0
2015-08-24,0,0,0,0
2015-08-25,0,0,0,0
2015-08-26,0,0,0,0
2015-08-27,0,0,0,0
2015-08-28,65,30,0,20
2015-08-29,0,0,0,0
2015-08-30,0,0,0,0
2015-08-31,0,0,0,0
2015-09-01,0,0,0,0
2015-09-02,0,0,0,0
2015-09-03,41,0,0,15
2015-09-04,0,0,0,0
2015-09-05,24,0,0,15
2015-09-06,0,0,0,0
2015-09-07,0,0,0,0
2015-09-08,0,0,0,0
2015-09-09,0,0,0,0
2015-09-10,0,0,0,0
2015-09-11,0,0,0,0
2015-09-12,0,0,0,0
2015-09-13,0,0,0,0
2015-09-14,32,0,0,15
2015-09-15,39,0,0,15
2015-09-16,0,0,0,0
2015-09-17,0,0,0,0
2015-09-18,0,0,0,0
2015-09-19,0,0,0,0
2015-09-20,0,0,0,0
2015-09-21,0,0,0,0
2015-09-22,0,0,0,0
2015-09-23,0,0,0,0
2015-09-24,0,0,0,0
2015-09-25,0,0,0,0
2015-09-26,0,0,0,0
2015-09-27,0,0,0,0
2015-09-28,0,0,0,0
2015-09-29,0,0,0,0
2015-09-30,0,0,0,0
2015-10-01,0,0,0,0
2015-10-02,110,0,0,15
2015-10-03,0,0,0,0
2015-10-04,0,0,0,0
2015-10-05,0,0,0,0
2015-10-06,0,0,0,0
2015-10-07,0,0,0,0
2015-10-08,0,0,0,0
2015-10-09,0,0,0,0
2015-10-10,0,0,0,0
2015-10-11,0,0,0,0
2015-10-12,0,0,0,0
2015-10-13,0,0,0,0
2015-10-14,58,0,0,15
2015-10-15,0,0,0,0
2015-10-16,101,0,0,15
2015-10-17,0,0,0,0
2015-10-18,75,0,0,15
2015-10-19,46,0,0,15
2015-10-20,0,0,0,0
2015-10-21,36,0,0,15
2015-10-22,75,42,0,20
2015-10-23,61,0,0,15
2015-10-24,0,0,0,0
2015-10-25,0,0,0,0
2015-10-26,0,0,0,0
2015-10-27,0,0,0,0
2015-10-28,0,0,0,0
2015-10-29,0,0,0,0
2015-10-30,0,0,0,0
2015-10-31,28,0,0,15
2015-11-01,0,0,0,0
2015-11-02,0,0,0,0
2015-11-03,0,0,0,0
2015-11-04,38,0,0,15
2015-11-05,0,0,0,0
2015-11-06,0,0,0,0
2015-11-07,0,0,0,0
2015-11-08,0,0,0,0
2015-11-09,0,0,0,0
2015-11-10,53,0,0,15
2015-11-11,58,0,0,15
2015-11-12,45,0,0,15
2015-11-13,134,48,0,20
2015-11-14,75,0,0,15
2015-11-15,0,0,0,0
2015-11-16,40,0,0,15
2015-11-17,0,0,0,0
2015-11-18,0,0,0,0
2015-11-19,0,0,0,0
2015-11-20,0,0,0,0
2015-11-21,0,0,0,0
2015-11-22,0,0,0,0
2015-11-23,132,132,0,20
2015-11-24,132,0,0,15
2015-11-25,57,0,0,15
2015-11-26,90,45,0,20
2015-11-27,90,0,0,15
2015-11-28,29,0,0,15
2015-11-29,0,0,0,0
2015-11-30,0,0,0,0
2015-12-01,0,0,0,0
2015-12-02,0,0,0,0
2015-12-03,0,0,0,0
2015-12-04,131,104,0,20
2015-12-05,130,0,0,15
2015-12-06,0,0,0,0
2015-12-07,0,0,0,0
2015-12-08,61,0,0,15
2015-12-09,0,0,0,0
2015-12-10,0,0,0,0
2015-12-11,0,0,0,0
2015-12-12,0,0,0,0
2015-12-13,0,0,0,0
2015-12-14,0,0,0,0
2015-12-15,0,0,0,0
2015-12-16,0,0,0,0
2015-12-17,0,0,0,0
2015-12-18,115,99,72,25
2015-12-19,130,130,0,20
2015-12-20,47,0,0,15
2015-12-21,0,0,0,0
2015-12-22,0,0,0,0
2015-12-23,53,0,0,15
2015-12-24,0,0,0,0
2015-12-25,0,0,0,0
2015-12-26,0,0,0,0
2015-12-27,66,0,0,15
2015-12-28,0,0,0,0
2015-12-29,0,0,0,0
2015-12-30,0,0,0,0
2015-12-31,0,0,0,0
2016-01-01,37,0,0,15
2016-01-02,0,0,0,0
2016-01-03,0,0,0,0
2016-01-04,122,24,0,20
2016-01-05,0,0,0,0
2016-01-06,0,0,0,0
2016-01-07,0,0,0,0
2016-01-08,0,0,0,0
2016-01-09,0,0,0,0
2016-01-10,131,107,0,20
2016-01-11,44,0,0,15
2016-01-12,0,0,0,0
2016-01-13,76,0,0,15
2016-01-14,0,0,0,0
2016-01-15,0,0,0,0
2016-01-16,0,0,0,0
2016-01-17,75,41,0,20
2016-01-18,0,0,0,0
2016-01-19,0,0,0,0
2016-01-20,0,0,0,0
2016-01-21,0,0,0,0
2016-01-22,115,104,0,20
2016-01-23,75,0,0,15
2016-01-24,0,0,0,0
2016-01-25,0,0,0,0
2016-01-26,0,0,0,0
2016-01-27,0,0,0,0
2016-01-28,55,41,0,20
2016-01-29,0,0,0,0
2016-01-30,33,0,0,15
2016-01-31,0,0,0,0
2016-02-01,0,0,0,0
2016-02-02,108,0,0,15
2016-02-03,29,0,0,15
2016-02-04,66,60,50,25
2016-02-05,135,35,0,20
2016-02-06,96,54,0,20
2016-02-07,118,68,0,20
2016-02-08,0,0,0,0
2016-02-09,124,0,0,15
2016-02-10,63,0,0,15
2016-02-11,36,0,0,15
2016-02-12,0,0,0,0
2016-02-13,49,0,0,15
2016-02-14,65,39,0,20
2016-02-15,0,0,0,0
2016-02-16,0,0,0,0
2016-02-17,55,0,0,15
2016-02-18,99,53,0,20
2016-02-19,81,59,0,20
2016-02-20,79,47,0,20
2016-02-21,47,0,0,15
2016-02-22,0,0,0,0
2016-02-23,80,0,0,15
2016-02-24,92,90,63,25
2016-02-25,59,0,0,15
2016-02-26,99,0,0,15
2016-02-27,73,0,0,15
2016-02-28,67,0,0,15
2016-02-29,72,0,0,15
2016-03-01,67,0,0,15
2016-03-02,40,0,0,15
2016-03-03,0,0,0,0
2016-03-04,0,0,0,0
2016-03-05,0,0,0,0
2016-03-06,120,43,0,20
2016-03-07,55,0,0,15
2016-03-08,0,0,0,0
2016-03-09,122,0,0,15
2016-03-10,112,33,0,20
2016-03-11,27,0,0,15
2016-03-12,62,0,0,15
2016-03-13,0,0,0,0
2016-03-14,59,0,0,15
2016-03-15,39,0,0,15
2016-03-16,48,30,0,20
2016-03-17,37,0,0,15
2016-03-18,0,0,0,0
2016-03-19,25,0,0,15
2016-03-20,122,85,50,25
2016-03-21,145,51,0,20
2016-03-22,98,57,0,20
2016-03-23,75,0,0,15
2016-03-24,0,0,0,0
2016-03-25,0,0,0,0
2016-03-26,0,0,0,0
2016-03-27,0,0,0,0
2016-03-28,63,0,0,15
2016-03-29,66,63,0,20
2016-03-30,30,0,0,15
2016-03-31,36,0,0,15
2016-04-01,61,29,0,20
2016-04-02,0,0,0,0
2016-04-03,149,92,0,20
2016-04-04,125,0,0,15
2016-04-05,76,0,0,15
2016-04-06,64,0,0,15
2016-04-07,0,0,0,0
2016-04-08,79,0,0,15
2016-04-09,150,71,0,20
2016-04-10,98,67,0,20
2016-04-11,60,59,0,20
2016-04-12,78,0,0,15
2016-04-13,56,24,0,20
2016-04-14,35,0,0,15
2016-04-15,0,0,0,0
2016-04-16,47,0,0,15
2016-04-17,61,54,0,20
2016-04-18,82,81,50,25
2016-04-19,99,72,0,20
2016-04-20,73,0,0,15
2016-04-21,80,39,0,20
2016-04-22,86,29,0,20
2016-04-23,84,0,0,15
2016-04-24,95,62,0,20
2016-04-25,74,56,0,20
2016-04-26,64,28,0,20
2016-04-27,0,0,0,0
2016-04-28,58,0,0,15
2016-04-29,51,45,0,20
2016-04-30,0,0,0,0
2016-05-01,58,0,0,15
2016-05-02,69,0,0,15
2016-05-03,56,0,0,15
2016-05-04,88,30,0,20
2016-05-05,40,0,0,15
2016-05-06,0,0,0,0
2016-05-07,68,0,0,15
2016-05-08,93,59,0,20
2016-05-09,81,73,0,20
2016-05-10,0,0,0,0
2016-05-11,0,0,0,0
2016-05-12,68,0,0,15
2016-05-13,52,38,0,20
2016-05-14,92,0,0,15
2016-05-15,95,54,0,20
2016-05-16,78,0,0,15
2016-05-17,88,0,0,15
2016-05-18,31,0,0,15
2016-05-19,44,0,0,15
2016-05-20,47,0,0,15
2016-05-21,72,33,0,20
2016-05-22,76,36,0,20
2016-05-23,72,59,0,20
2016-05-24,85,61,0,20
2016-05-25,96,73,0,20
2016-05-26,93,68,0,20
2016-05-27,93,56,0,20
2016-05-28,84,72,0,20
2016-05-29,100,88,0,20
2016-05-30,96,56,0,20
2016-05-31,98,72,0,20
2016-06-01,85,68,0,20
2016-06-02,97,57,0,20
2016-06-03,46,36,0,20
2016-06-04,67,42,0,20
2016-06-05,40,0,0,15
2016-06-06,0,0,0,0
2016-06-07,0,0,0,0
2016-06-08,0,0,0,0
2016-06-09,0,0,0,0
2016-06-10,0,0,0,0
2016-06-11,0,0,0,0
2016-06-12,51,39,0,20
2016-06-13,51,0,0,15
2016-06-14,90,0,0,15
2016-06-15,76,53,0,20
2016-06-16,79,57,0,20
2016-06-17,30,0,0,15
2016-06-18,0,0,0,0
2016-06-19,0,0,0,0
2016-06-20,71,35,0,20
2016-06-21,53,0,0,15
2016-06-22,62,0,0,15
2016-06-23,38,0,0,15
2016-06-24,69,0,0,15
2016-06-25,70,0,0,15
2016-06-26,90,0,0,15
2016-06-27,67,0,0,15
2016-06-28,24,0,0,15
2016-06-29,0,0,0,0
2016-06-30,54,0,0,15
2016-07-01,72,0,0,15
2016-07-02,84,0,0,15
2016-07-03,82,0,0,15
2016-07-04,60,27,0,20
2016-07-05,66,0,0,15
2016-07-06,68,0,0,15
2016-07-07,84,0,0,15
2016-07-08,86,0,0,15
2016-07-09,88,26,0,20
2016-07-10,80,24,0,20
2016-07-11,46,0,0,15
2016-07-12,50,0,0,15
2016-07-13,63,0,0,15
2016-07-14,69,0,0,15
2016-07-15,77,0,0,15
2016-07-16,76,0,0,15
2016-07-17,88,0,0,15
2016-07-18,36,0,0,15
2016-07-19,87,0,0,15
2016-07-20,25,0,0,15
2016-07-21,26,0,0,15
2016-07-22,27,0,0,15
2016-07-23,28,0,0,15
2016-07-24,0,0,0,0
2016-07-25,26,0,0,15
2016-07-27,66,0,0,15
2016-07-28,0,0,0,0
2016-07-29,0,0,0,0
2016-07-30,81,0,0,15
2016-07-31,82,0,0,15
2016-08-01,87,0,0,15
2016-08-02,0,0,0,0
2016-08-03,48,0,0,15
2016-08-04,67,0,0,15
2016-08-05,0,0,0,0
2016-08-06,0,0,0,0
2016-08-07,0,0,0,0
2016-08-08,55,0,0,15
2016-08-09,0,0,0,0
2016-08-10,25,0,0,15
2016-08-11,59,0,0,15
2016-08-12,54,0,0,15
2016-08-13,0,0,0,0
2016-08-14,0,0,0,0
2016-08-15,0,0,0,0
2016-08-16,42,0,0,15
2016-08-17,0,0,0,0
2016-08-18,60,0,0,15
2016-08-19,42,0,0,15
2016-08-20,31,0,0,15
2016-08-21,77,28,0,20
2016-08-22,96,33,0,20
2016-08-23,81,0,0,15
2016-08-24,66,0,0,15
2016-08-25,0,0,0,0
2016-08-26,32,0,0,15
2016-08-27,25,0,0,15
2016-08-28,0,0,0,0
2016-08-29,0,0,0,0
2016-08-30,0,0,0,0
2016-08-31,0,0,0,0
2016-09-01,0,0,0,0
2016-09-02,0,0,0,0
2016-09-03,0,0,0,0
2016-09-04,51,0,0,15
2016-09-05,71,0,0,15
2016-09-06,66,0,0,15
2016-09-07,0,0,0,0
2016-09-08,0,0,0,0
2016-09-09,0,0,0,0
2016-09-10,0,0,0,0
2016-09-11,0,0,0,0
2016-09-12,0,0,0,0
2016-09-13,0,0,0,0
2016-09-14,31,0,0,15
2016-09-15,32,0,0,15
2016-09-16,0,0,0,0
2016-09-17,48,0,0,15
2016-09-18,0,0,0,0
2016-09-19,0,0,0,0
2016-09-20,0,0,0,0
2016-09-21,0,0,0,0
2016-09-22,0,0,0,0
2016-09-23,0,0,0,0
2016-09-24,0,0,0,0
2016-09-25,0,0,0,0
2016-09-26,0,0,0,0
2016-09-27,0,0,0,0
2016-09-28,0,0,0,0
2016-09-29,0,0,0,0
2016-09-30,0,0,0,0
2016-10-01,0,0,0,0
2016-10-02,0,0,0,0
2016-10-03,0,0,0,0
2016-10-04,0,0,0,0
2016-10-05,0,0,0,0
2016-10-06,0,0,0,0
2016-10-07,0,0,0,0
2016-10-08,0,0,0,0
2016-10-09,31,0,0,15
2016-10-10,0,0,0,0
2016-10-11,80,0,0,15
2016-10-12,45,0,0,15
2016-10-13,0,0,0,0
2016-10-14,28,0,0,15
2016-10-15,29,0,0,15
2016-10-16,0,0,0,0
2016-10-17,0,0,0,0
2016-10-18,67,29,0,20
2016-10-19,71,0,0,15
2016-10-20,0,0,0,0
2016-10-21,0,0,0,0
2016-10-22,0,0,0,0
2016-10-23,136,0,0,15
2016-10-24,0,0,0,0
2016-10-25,62,33,0,20
2016-10-26,29,0,0,15
2016-10-27,57,0,0,15
2016-10-28,47,0,0,15
2016-10-29,0,0,0,0
2016-10-30,0,0,0,0
2016-10-31,0,0,0,0
2016-11-01,75,0,0,15
2016-11-02,107,65,0,20
2016-11-03,75,33,0,20
2016-11-04,116,0,0,15
2016-11-05,80,0,0,15
2016-11-06,51,0,0,15
2016-11-07,57,0,0,15
2016-11-08,42,0,0,15
2016-11-09,0,0,0,0
2016-11-10,44,0,0,15
2016-11-11,0,0,0,0
2016-11-12,0,0,0,0
2016-11-13,0,0,0,0
2016-11-14,0,0,0,0
2016-11-15,106,0,0,15
2016-11-16,24,0,0,15
2016-11-17,52,0,0,15
2016-11-18,62,0,0,15
2016-11-19,119,0,0,15
2016-11-20,0,0,0,0
2016-11-21,42,0,0,15
2016-11-22,49,0,0,15
2016-11-23,53,0,0,15
2016-11-24,24,0,0,15
2016-11-25,59,0,0,15
2016-11-26,33,0,0,15
2016-11-27,0,0,0,0
2016-11-28,0,0,0,0
2016-11-29,0,0,0,0
2016-11-30,0,0,0,0
2016-12-01,0,0,0,0
2016-12-02,68,0,0,15
2016-12-03,0,0,0,0
2016-12-04,0,0,0,0
2016-12-05,0,0,0,0
2016-12-06,0,0,0,0
2016-12-07,0,0,0,0
2016-12-08,0,0,0,0
2016-12-09,32,0,0,15
2016-12-10,115,113,0,20
2016-12-11,0,0,0,0
2016-12-12,0,0,0,0
2016-12-13,41,0,0,15
2016-12-14,45,0,0,15
2016-12-15,0,0,0,0
2016-12-16,32,0,0,15
2016-12-17,0,0,0,0
2016-12-18,0,0,0,0
2016-12-19,44,0,0,15
2016-12-20,93,35,0,20
2016-12-21,65,0,0,15
2016-12-22,58,0,0,15
2016-12-23,42,0,0,15
2016-12-25,0,0,0,0
2016-12-26,46,0,0,15
2016-12-27,51,0,0,15
2016-12-28,0,0,0,0
2016-12-29,0,0,0,0
2016-12-30,96,67,0,20
2016-12-31,0,0,0,0
2017-01-01,0,0,0,0
2017-01-02,0,0,0,0
2017-01-03,0,0,0,0
2017-01-04,0,0,0,0
2017-01-05,0,0,0,0
2017-01-06,0,0,0,0
2017-01-07,89,88,87,25
2017-01-08,131,127,0,20
2017-01-09,38,0,0,15
2017-01-10,28,0,0,15
2017-01-11,47,0,0,15
2017-01-12,42,0,0,15
2017-01-13,41,0,0,15
2017-01-14,61,0,0,15
2017-01-15,29,0,0,15
2017-01-16,38,0,0,15
2017-01-17,0,0,0,0
2017-01-18,0,0,0,0
2017-01-19,0,0,0,0
2017-01-20,0,0,0,0
2017-01-21,24,0,0,15
2017-01-22,32,0,0,15
2017-01-23,133,0,0,15
2017-01-24,0,0,0,0
2017-01-25,0,0,0,0
2017-01-26,0,0,0,0
2017-01-27,0,0,0,0
2017-01-28,0,0,0,0
2017-01-29,134,134,28,25
2017-01-30,35,0,0,15
2017-01-31,43,0,0,15
2017-02-01,63,0,0,15
2017-02-02,0,0,0,0
2017-02-03,34,0,0,15
2017-02-04,130,0,0,15
2017-02-05,0,0,0,0
2017-02-06,0,0,0,0
2017-02-07,0,0,0,0
2017-02-08,0,0,0,0
2017-02-09,48,0,0,15
2017-02-10,57,0,0,15
2017-02-11,68,24,0,20
2017-02-12,65,25,0,20
2017-02-13,68,0,0,15
2017-02-14,47,0,0,15
2017-02-15,51,0,0,15
2017-02-16,0,0,0,0
2017-02-17,0,0,0,0
2017-02-18,0,0,0,0
2017-02-19,45,0,0,15
2017-02-20,0,0,0,0
2017-02-21,55,29,0,20
2017-02-22,139,0,0,15
2017-02-23,0,0,0,0
2017-02-24,0,0,0,0
2017-02-25,48,0,0,15
2017-02-26,79,31,0,20
2017-02-27,59,0,0,15
2017-02-28,0,0,0,0
2017-03-01,59,0,0,15
2017-03-02,70,0,0,15
2017-03-03,141,73,25,25
2017-03-04,103,74,26,25
2017-03-05,76,51,25,25
2017-03-06,27,0,0,15
2017-03-07,71,36,0,20
2017-03-08,77,38,0,20
2017-03-09,71,48,0,20
2017-03-10,80,40,0,20
2017-03-11,79,0,0,15
2017-03-12,63,0,0,15
2017-03-13,33,0,0,15
2017-03-14,66,0,0,15
2017-03-15,90,0,0,15
2017-03-16,144,30,0,20
2017-03-17,110,56,0,20
2017-03-18,93,0,0,15
2017-03-19,67,0,0,15
2017-03-20,59,0,0,15
2017-03-21,75,30,0,20
2017-03-22,87,26,0,20
2017-03-23,80,0,0,15
2017-03-24,74,0,0,15
2017-03-25,64,0,0,15
2017-03-26,71,0,0,15
2017-03-27,86,28,0,20
2017-03-28,67,43,0,20
2017-03-29,24,0,0,15
2017-03-30,0,0,0,0
2017-03-31,0,0,0,0
2017-04-01,0,0,0,0
2017-04-02,38,0,0,15
2017-04-03,32,0,0,15
2017-04-04,0,0,0,0
2017-04-05,25,0,0,15
2017-04-06,58,48,26,25
2017-04-07,149,43,0,20
2017-04-08,54,0,0,15
2017-04-09,90,57,0,20
2017-04-10,0,0,0,0
2017-04-12,93,68,0,20
2017-04-13,87,0,0,15
2017-04-14,71,26,0,20
2017-04-15,81,34,0,20
2017-04-16,85,48,0,20
2017-04-17,92,0,0,15
2017-04-18,83,53,0,20
2017-04-19,0,0,0,0
2017-04-20,0,0,0,0
2017-04-21,54,0,0,15
2017-04-22,83,0,0,15
2017-04-23,43,0,0,15
2017-04-24,0,0,0,0
2017-04-25,89,0,0,15
2017-04-26,50,0,0,15
2017-04-27,0,0,0,0
2017-04-28,0,0,0,0
2017-04-29,73,0,0,15
2017-04-30,0,0,0,0
2017-05-01,61,27,0,20
2017-05-02,90,28,0,20
2017-05-03,61,0,0,15
2017-05-04,71,44,40,25
2017-05-05,77,0,0,15
2017-05-06,0,0,0,0
2017-05-07,93,24,0,20
2017-05-08,93,47,0,20
2017-05-09,105,67,0,20
2017-05-10,95,73,0,20
2017-05-11,83,0,0,15
2017-05-12,57,0,0,15
2017-05-13,0,0,0,0
2017-05-14,70,0,0,15
2017-05-15,72,0,0,15
2017-05-16,82,37,0,20
2017-05-17,77,35,0,20
2017-05-18,86,61,0,20
2017-05-19,82,66,0,20
2017-05-20,0,0,0,0
2017-05-21,47,0,0,15
2017-05-22,72,26,0,20
2017-05-23,62,0,0,15
2017-05-24,0,0,0,0
2017-05-25,70,0,0,15
2017-05-26,84,0,0,15
2017-05-27,42,0,0,15
2017-05-28,35,0,0,15
2017-05-29,57,0,0,15
2017-05-30,24,0,0,15
2017-05-31,38,0,0,15
2017-06-01,0,0,0,0
2017-06-02,0,0,0,0
2017-06-03,0,0,0,0
2017-06-04,0,0,0,0
2017-06-05,0,0,0,0
2017-06-06,0,0,0,0
2017-06-07,0,0,0,0
2017-06-08,0,0,0,0
2017-06-09,0,0,0,0
2017-06-10,0,0,0,0
2017-06-15,0,0,0,0
2017-06-16,52,0,0,15
2017-06-17,88,31,0,20
2017-06-18,95,0,0,15
2017-06-19,0,0,0,0
2017-06-20,0,0,0,0
2017-06-21,0,0,0,0
2017-06-22,0,0,0,0
2017-06-23,41,0,0,15
2017-06-24,0,0,0,0
2017-06-25,56,0,0,15
2017-06-26,47,0,0,15
2017-06-27,45,0,0,15
2017-06-28,32,0,0,15
2017-06-29,0,0,0,0
2017-06-30,96,37,0,20
2017-07-01,91,31,0,20
2017-07-02,83,0,0,15
2017-07-03,0,0,0,0
2017-07-04,0,0,0,0
2017-07-05,32,0,0,15
2017-07-06,29,0,0,15
2017-07-07,0,0,0,0
2017-07-08,74,0,0,15
2017-07-09,0,0,0,0
2017-07-10,0,0,0,0
2017-07-11,30,0,0,15
2017-07-12,0,0,0,0
2017-07-13,0,0,0,0
2017-07-14,0,0,0,0
2017-07-15,0,0,0,0
2017-07-16,0,0,0,0
2017-07-17,0,0,0,0
2017-07-18,24,0,0,15
2017-07-19,0,0,0,0
2017-07-20,0,0,0,0
2017-07-21,0,0,0,0
2017-07-22,0,0,0,0
2017-07-23,61,0,0,15
2017-07-24,83,0,0,15
2017-07-25,33,0,0,15
2017-07-26,0,0,0,0
2017-07-27,0,0,0,0
2017-07-28,0,0,0,0
2017-07-29,0,0,0,0
2017-07-30,0,0,0,0
2017-07-31,0,0,0,0
2017-08-01,0,0,0,0
2017-08-02,31,0,0,15
2017-08-03,39,0,0,15
2017-08-04,39,0,0,15
2017-08-05,50,0,0,15
2017-08-06,74,0,0,15
2017-08-07,27,0,0,15
2017-08-08,34,0,0,15
2017-08-09,0,0,0,0
2017-08-10,46,0,0,15
2017-08-11,0,0,0,0
2017-08-12,0,0,0,0
2017-08-13,0,0,0,0
2017-08-14,0,0,0,0
2017-08-15,0,0,0,0
2017-08-16,79,0,0,15
2017-08-17,0,0,0,0
2017-08-18,0,0,0,0
2017-08-19,0,0,0,0
2017-08-20,62,0,0,15
2017-08-21,37,0,0,15
2017-08-22,0,0,0,0
2017-08-23,0,0,0,0
2017-08-24,0,0,0,0
2017-08-25,0,0,0,0
2017-08-26,0,0,0,0
2017-08-27,0,0,0,0
2017-08-28,0,0,0,0
2017-08-29,0,0,0,0
2017-08-30,0,0,0,0
2017-08-31,0,0,0,0
2017-09-02,0,0,0,0
2017-09-03,0,0,0,0
2017-09-04,38,0,0,15
2017-09-05,0,0,0,0
2017-09-06,0,0,0,0
2017-09-07,0,0,0,0
2017-09-08,0,0,0,0
2017-09-09,0,0,0,0
2017-09-10,0,0,0,0
2017-09-11,0,0,0,0
2017-09-12,0,0,0,0
2017-09-13,0,0,0,0
2017-09-14,0,0,0,0
2017-09-15,0,0,0,0
2017-09-16,41,0,0,15
2017-09-17,0,0,0,0
2017-09-18,56,0,0,15
2017-09-19,36,0,0,15
2017-09-20,33,0,0,15
2017-09-21,38,0,0,15
2017-09-22,0,0,0,0
2017-09-23,0,0,0,0
2017-09-24,0,0,0,0
2017-09-25,0,0,0,0
2017-09-26,0,0,0,0
2017-09-27,31,0,0,15
2017-09-28,27,0,0,15
2017-09-29,51,0,0,15
2017-09-30,0,0,0,0
2017-10-01,45,0,0,15
2017-10-02,0,0,0,0
2017-10-03,93,42,0,20
2017-10-04,65,0,0,15
2017-10-05,67,0,0,15
2017-10-06,0,0,0,0
2017-10-07,0,0,0,0
2017-10-08,0,0,0,0
2017-10-09,0,0,0,0
2017-10-10,41,0,0,15
2017-10-11,54,0,0,15
2017-10-12,0,0,0,0
2017-10-13,0,0,0,0
2017-10-14,0,0,0,0
2017-10-15,0,0,0,0
2017-10-16,0,0,0,0
2017-10-17,33,0,0,15
2017-10-18,0,0,0,0
2017-10-19,0,0,0,0
2017-10-27,0,0,0,0
2017-10-28,0,0,0,0
2017-10-29,85,0,0,15
2017-10-30,0,0,0,0
2017-10-31,0,0,0,0
2017-11-01,0,0,0,0
2017-11-02,0,0,0,0
2017-11-03,0,0,0,0
2017-11-04,0,0,0,0
2017-11-05,0,0,0,0
2017-11-06,0,0,0,0
2017-11-07,0,0,0,0
2017-11-08,0,0,0,0
2017-11-09,0,0,0,0
2017-11-10,0,0,0,0
2017-11-11,90,0,0,15
2017-11-12,94,0,0,15
2017-11-13,133,0,0,15
2017-11-14,0,0,0,0
2017-11-15,0,0,0,0
2017-11-16,0,0,0,0
2017-11-17,0,0,0,0
2017-11-18,0,0,0,0
2017-11-19,0,0,0,0
2017-11-20,0,0,0,0
2017-11-23,38,0,0,15
2017-11-24,0,0,0,0
2017-11-25,0,0,0,0
2017-11-26,0,0,0,0
2017-11-27,0,0,0,0
2017-11-28,0,0,0,0
2017-11-29,0,0,0,0
2017-11-30,0,0,0,0
2017-12-01,0,0,0,0
2017-12-02,38,0,0,15
2017-12-03,24,0,0,15
2017-12-04,0,0,0,0
2017-12-05,0,0,0,0
2017-12-06,0,0,0,0
2017-12-07,0,0,0,0
2017-12-08,0,0,0,0
2017-12-09,131,131,74,25
2017-12-10,0,0,0,0
2017-12-11,0,0,0,0
2017-12-12,0,0,0,0
2017-12-16,0,0,0,0
2017-12-17,0,0,0,0
2017-12-29,0,0,0,0
2017-12-30,0,0,0,0
2017-12-31,0,0,0,0
2018-01-01,68,56,0,20
2018-01-02,79,0,0,15
2018-01-03,0,0,0,0
2018-01-04,33,0,0,15
2018-01-05,0,0,0,0
2018-01-06,0,0,0,0
2018-01-07,52,0,0,15
2018-01-11,0,0,0,0
2018-01-12,86,0,0,15
2018-01-13,126,0,0,15
2018-01-14,121,0,0,15
2018-01-15,0,0,0,0
2018-01-20,0,0,0,0
2018-01-21,0,0,0,0
2018-01-24,55,0,0,15
2018-01-25,133,0,0,15
2018-01-26,53,0,0,15
2018-01-27,0,0,0,0
2018-01-31,42,0,0,15
2018-02-01,0,0,0,0
2018-02-02,0,0,0,0
2018-02-03,0,0,0,0
2018-02-04,0,0,0,0
2018-02-07,0,0,0,0
2018-02-08,76,0,0,15
2018-02-09,35,0,0,15
2018-02-14,74,0,0,15
2018-02-15,66,0,0,15
2018-02-16,66,0,0,15
2018-02-17,58,0,0,15
2018-02-18,80,0,0,15
2018-02-19,56,0,0,15
2018-02-20,0,0,0,0
2018-02-21,0,0,0,0
2018-02-22,64,0,0,15
2018-02-23,79,0,0,15
2018-03-01,47,0,0,15
2018-03-02,62,0,0,15
2018-03-03,80,0,0,15
2018-03-04,63,0,0,15
2018-03-05,49,0,0,15
2018-03-06,37,0,0,15
2018-03-07,72,40,0,20
2018-03-08,114,0,0,15
2018-03-09,81,43,0,20
2018-03-10,38,0,0,15
2018-03-11,0,0,0,0
2018-03-12,50,0,0,15
2018-03-13,0,0,0,0
2018-03-14,58,0,0,15
2018-03-15,89,33,0,20
2018-03-16,76,0,0,15
2018-03-17,57,0,0,15
2018-03-18,0,0,0,0
2018-03-19,0,0,0,0
2018-03-20,79,0,0,15
2018-03-21,145,50,0,20
2018-03-22,146,74,0,20
2018-03-23,101,73,0,20
2018-03-27,0,0,0,0
2018-03-28,0,0,0,0
2018-03-29,0,0,0,0
2018-03-30,74,0,0,15
2018-03-31,0,0,0,0
2018-04-01,0,0,0,0
2018-04-02,0,0,0,0
2018-04-03,49,0,0,15
2018-04-04,90,67,0,20
2018-04-05,93,45,0,20
2018-04-06,78,0,0,15
2018-04-07,32,0,0,15
2018-04-08,0,0,0,0
2018-04-09,0,0,0,0
2018-04-10,80,0,0,15
2018-04-11,82,0,0,15
2018-04-12,78,46,0,20
2018-04-13,0,0,0,0
2018-04-14,37,0,0,15
2018-04-15,127,125,0,20
2018-04-16,116,39,0,20
2018-04-17,68,0,0,15
2018-04-18,72,0,0,15
2018-04-19,87,25,0,20
2018-04-20,81,0,0,15
2018-04-21,88,0,0,15
2018-04-22,69,0,0,15
2018-04-23,0,0,0,0
2018-04-24,0,0,0,0
2018-04-25,83,0,0,15
2018-04-26,0,0,0,0
2018-04-27,41,0,0,15
2018-04-30,107,51,0,20
2018-05-05,94,24,0,20
2018-05-06,0,0,0,0
2018-05-07,46,0,0,15
2018-05-08,56,0,0,15
2018-05-09,67,0,0,15
2018-05-10,33,0,0,15
2018-05-11,0,0,0,0
2018-05-13,103,0,0,15
2018-05-14,37,0,0,15
2018-05-15,49,0,0,15
2018-05-16,52,0,0,15
2018-05-18,57,0,0,15
2018-05-19,75,56,0,20
2018-05-20,97,0,0,15
2018-05-21,69,0,0,15
2018-05-22,85,0,0,15
2018-05-23,101,0,0,15
2018-05-24,35,0,0,15
2018-05-25,83,0,0,15
2018-05-26,0,0,0,0
2018-05-27,0,0,0,0
2018-05-28,0,0,0,0
2018-05-29,63,0,0,15
2018-05-30,0,0,0,0
2018-06-01,0,0,0,0
2018-06-02,69,0,0,15
2018-06-03,69,0,0,15
2018-06-04,29,0,0,15
2018-06-06,49,0,0,15
2018-06-07,0,0,0,0
2018-06-08,80,73,0,20
2018-06-09,81,0,0,15
2018-06-11,52,0,0,15
2018-06-12,62,0,0,15
2018-06-13,0,0,0,0
2018-06-14,0,0,0,0
2018-06-15,0,0,0,0
2018-06-16,0,0,0,0
2018-06-17,29,0,0,15
2018-06-18,0,0,0,0
2018-06-19,0,0,0,0
2018-06-20,0,0,0,0
2018-06-21,0,0,0,0
2018-06-22,35,0,0,15
2018-06-23,0,0,0,0
2018-06-27,50,0,0,15
2018-06-29,38,0,0,15
2018-06-30,47,0,0,15
2018-07-01,32,0,0,15
2018-07-02,0,0,0,0
2018-07-03,28,0,0,15
2018-07-04,0,0,0,0
2018-07-05,42,0,0,15
2018-07-06,0,0,0,0
2018-07-07,0,0,0,0
2018-07-08,34,0,0,15
2018-07-09,0,0,0,0
2018-07-10,0,0,0,0
2018-07-11,0,0,0,0
2018-07-12,0,0,0,0
2018-07-13,0,0,0,0
2018-07-14,0,0,0,0
2018-07-15,0,0,0,0
2018-07-16,0,0,0,0
2018-07-17,0,0,0,0
2018-07-18,0,0,0,0
2018-07-19,0,0,0,0
2018-07-20,0,0,0,0
2018-07-21,0,0,0,0
2018-07-22,0,0,0,0
2018-07-23,0,0,0,0
2018-07-24,0,0,0,0
2018-07-25,0,0,0,0
2018-07-26,0,0,0,0
2018-07-27,0,0,0,0
2018-07-28,0,0,0,0
2018-07-29,0,0,0,0
2018-07-30,0,0,0,0
2018-07-31,0,0,0,0
2018-08-01,0,0,0,0
2018-08-02,0,0,0,0
2018-08-03,0,0,0,0
2018-08-04,31,0,0,15
2018-08-05,67,0,0,15
2018-08-06,32,0,0,15
2018-08-07,0,0,0,0
2018-08-08,26,0,0,15
2018-08-09,0,0,0,0
2018-08-10,0,0,0,0
2018-08-11,0,0,0,0
2018-08-12,53,0,0,15
2018-08-13,41,0,0,15
2018-08-14,75,0,0,15
2018-08-15,0,0,0,0
2018-08-16,0,0,0,0
2018-08-17,0,0,0,0
2018-08-18,0,0,0,0
2018-08-19,0,0,0,0
2018-08-20,0,0,0,0
2018-08-21,0,0,0,0
2018-08-22,0,0,0,0
2018-08-23,0,0,0,0
2018-08-24,0,0,0,0
2018-08-25,0,0,0,0
2018-08-26,0,0,0,0
2018-08-27,0,0,0,0
2018-08-28,0,0,0,0
2018-08-29,0,0,0,0
2018-08-30,0,0,0,0
2018-08-31,0,0,0,0
2018-09-01,0,0,0,0
2018-09-02,0,0,0,0
2018-09-03,0,0,0,0
2018-09-04,0,0,0,0
2018-09-05,0,0,0,0
2018-09-06,0,0,0,0
2018-09-07,0,0,0,0
2018-09-08,0,0,0,0
2018-09-09,0,0,0,0
2018-09-10,24,0,0,15
2018-09-11,0,0,0,0
2018-09-12,0,0,0,0
2018-09-13,0,0,0,0
2018-09-14,0,0,0,0
2018-09-15,0,0,0,0
2018-09-16,0,0,0,0
2018-09-17,0,0,0,0
2018-09-18,0,0,0,0
2018-09-19,26,0,0,15
2018-09-20,0,0,0,0
2018-09-21,25,0,0,15
2018-09-22,0,0,0,0
2018-09-23,0,0,0,0
2018-09-24,0,0,0,0
2018-09-25,0,0,0,0
2018-09-26,0,0,0,0
2018-09-27,0,0,0,0
2018-09-28,30,0,0,15
2018-09-29,0,0,0,0
2018-09-30,27,0,0,15
2018-10-01,0,0,0,0
2018-10-02,53,0,0,15
2018-10-03,71,0,0,15
2018-10-04,88,0,0,15
2018-10-05,48,0,0,15
2018-10-06,103,0,0,15
2018-10-07,60,0,0,15
2018-10-08,0,0,0,0
2018-10-09,26,0,0,15
2018-10-10,0,0,0,0
2018-10-11,36,0,0,15
2018-10-12,0,0,0,0
2018-10-13,35,0,0,15
2018-10-14,44,0,0,15
2018-10-15,64,0,0,15
2018-10-16,0,0,0,0
2018-10-17,45,0,0,15
2018-10-18,0,0,0,0
2018-10-19,0,0,0,0
2018-10-20,43,0,0,15
2018-10-21,0,0,0,0
2018-10-22,0,0,0,0
2018-10-23,0,0,0,0
2018-10-24,0,0,0,0
2018-10-25,0,0,0,0
2018-10-26,0,0,0,0
2018-10-27,0,0,0,0
2018-10-28,115,0,0,15
2018-10-29,63,0,0,15
2018-10-30,49,0,0,15
2018-10-31,33,0,0,15
2018-11-01,0,0,0,0
2018-11-02,0,0,0,0
2018-11-03,57,0,0,15
2018-11-04,0,0,0,0
2018-11-05,0,0,0,0
2018-11-06,0,0,0,0
2018-11-07,0,0,0,0
2018-11-08,0,0,0,0
2018-11-09,0,0,0,0
2018-11-10,0,0,0,0
2018-11-11,0,0,0,0
2018-11-12,0,0,0,0
2018-11-13,0,0,0,0
2018-11-15,134,105,0,20
2018-11-16,34,0,0,15
2018-11-17,0,0,0,0
2018-11-18,0,0,0,0
2018-11-19,0,0,0,0
2018-11-20,0,0,0,0
2018-11-21,0,0,0,0
2018-11-22,0,0,0,0
2018-11-23,0,0,0,0
2018-11-24,0,0,0,0
2018-11-25,0,0,0,0
2018-11-26,0,0,0,0
2018-11-28,24,0,0,15
2018-11-29,0,0,0,0
2018-11-30,0,0,0,0
2018-12-01,0,0,0,0
2018-12-02,0,0,0,0
2018-12-03,0,0,0,0
2018-12-04,0,0,0,0
2018-12-05,88,80,0,20
2018-12-06,81,0,0,15
2018-12-07,0,0,0,0
2018-12-08,0,0,0,0
2018-12-09,44,0,0,15
2018-12-10,131,31,0,20
2018-12-11,96,0,0,15
2018-12-12,0,0,0,0
2018-12-13,0,0,0,0
2018-12-14,53,52,0,20
2018-12-15,0,0,0,0
2018-12-16,0,0,0,0
2018-12-17,0,0,0,0
2018-12-18,0,0,0,0
2018-12-19,0,0,0,0
2018-12-20,26,0,0,15
2018-12-21,93,0,0,15
2018-12-22,0,0,0,0
2018-12-23,0,0,0,0
2018-12-24,59,0,0,15
2018-12-25,0,0,0,0
2018-12-26,0,0,0,0
2018-12-27,0,0,0,0
2018-12-28,0,0,0,0
2018-12-29,0,0,0,0
2018-12-30,0,0,0,0
2018-12-31,0,0,0,0
